difficulty,id,url,qtext
1,8K8iXqPTfD,http://api.classhero.com/8K8iXqPTfD.jpg,4 / 1
1,78sjdUgyHq,http://api.classhero.com/78sjdUgyHq.jpg,7 + 4
1,HQfJTgQKMi,http://api.classhero.com/HQfJTgQKMi.jpg,8 / 6
1,SywfF6OIcP,http://api.classhero.com/SywfF6OIcP.jpg,8 / 2
1,WYBC49KErt,http://api.classhero.com/WYBC49KErt.jpg,7 * 5
1,52k10KrNDS,http://api.classhero.com/52k10KrNDS.jpg,5 * 8
1,cIbBsMkJVD,http://api.classhero.com/cIbBsMkJVD.jpg,9 + 2
1,Dlr4SNLL5e,http://api.classhero.com/Dlr4SNLL5e.jpg,7 / 5
2,pScIYqZsTB,http://api.classhero.com/pScIYqZsTB.jpg,8 / 4
2,tyiV2XrXDh,http://api.classhero.com/tyiV2XrXDh.jpg,2 / 1
2,S4fz6YdSv8,http://api.classhero.com/S4fz6YdSv8.jpg,11 * 4
2,G5ySaQ7BrM,http://api.classhero.com/G5ySaQ7BrM.jpg,17 - 5
2,Ht8ea2IP2J,http://api.classhero.com/Ht8ea2IP2J.jpg,10 / 6
2,N5byYoDdLp,http://api.classhero.com/N5byYoDdLp.jpg,17 / 14
2,7kZloAWYrI,http://api.classhero.com/7kZloAWYrI.jpg,7 - 1
2,feU2jiNVAY,http://api.classhero.com/feU2jiNVAY.jpg,15 * 15
2,Aojy7Up6Je,http://api.classhero.com/Aojy7Up6Je.jpg,18 + 5
2,atN8CZcOyp,http://api.classhero.com/atN8CZcOyp.jpg,9 + 12
2,wofcRk9U5Z,http://api.classhero.com/wofcRk9U5Z.jpg,18 + 2
3,avXuU7GAYf,http://api.classhero.com/avXuU7GAYf.jpg,1 * 24
3,VyMbDVXx7z,http://api.classhero.com/VyMbDVXx7z.jpg,8 * 12
3,31yc37h1dO,http://api.classhero.com/31yc37h1dO.jpg,21 + 4
3,DNSl9P2mpz,http://api.classhero.com/DNSl9P2mpz.jpg,21 * 8
3,iCBcUH3whr,http://api.classhero.com/iCBcUH3whr.jpg,12 / 9
3,5UwBGl91lJ,http://api.classhero.com/5UwBGl91lJ.jpg,15 / 4
3,GU6Yz7yCY8,http://api.classhero.com/GU6Yz7yCY8.jpg,18 * 2
3,CzOVXff3xh,http://api.classhero.com/CzOVXff3xh.jpg,25 * 27
4,6lngMHFkUn,http://api.classhero.com/6lngMHFkUn.jpg,10 - 6
4,GxoDMDj6Kj,http://api.classhero.com/GxoDMDj6Kj.jpg,30 / 1
4,NiIgnKulI4,http://api.classhero.com/NiIgnKulI4.jpg,4 - 3
4,gUigjom7EO,http://api.classhero.com/gUigjom7EO.jpg,36 / 17
4,mPnaSLKYEW,http://api.classhero.com/mPnaSLKYEW.jpg,24 - 7
5,Il2uFjPY4V,http://api.classhero.com/Il2uFjPY4V.jpg,19 + 16
5,g7dcEKAekh,http://api.classhero.com/g7dcEKAekh.jpg,45 / 23
5,JhqMdESUVD,http://api.classhero.com/JhqMdESUVD.jpg,13 * 41
5,2Qt4sGZzmA,http://api.classhero.com/2Qt4sGZzmA.jpg,11 / 6
5,QkpMUmoNAS,http://api.classhero.com/QkpMUmoNAS.jpg,32 * 12
6,Kzmx2jhjMB,http://api.classhero.com/Kzmx2jhjMB.jpg,52 + 54
6,HCeQcJdVP8,http://api.classhero.com/HCeQcJdVP8.jpg,23 / 16
6,CXOvu3mF7p,http://api.classhero.com/CXOvu3mF7p.jpg,30 / 23
7,wrsvjnbUHt,http://api.classhero.com/wrsvjnbUHt.jpg,48 * 53
7,NVx8i8uI7y,http://api.classhero.com/NVx8i8uI7y.jpg,60 - 4
7,GFkxihrKxf,http://api.classhero.com/GFkxihrKxf.jpg,17 - 13
8,EJpIbL2zGm,http://api.classhero.com/EJpIbL2zGm.jpg,45 / 9
8,voVVTzmWM5,http://api.classhero.com/voVVTzmWM5.jpg,23 / 10
8,QdrdapJaUQ,http://api.classhero.com/QdrdapJaUQ.jpg,66 * 50
9,jX4TGHMLa0,http://api.classhero.com/jX4TGHMLa0.jpg,78 - 41
9,Nz3ypWJG4X,http://api.classhero.com/Nz3ypWJG4X.jpg,63 - 49
10,tayVDwv4gw,http://api.classhero.com/tayVDwv4gw.jpg,43 - 20
10,T7uhcBQ6z6,http://api.classhero.com/T7uhcBQ6z6.jpg,62 / 50
10,4hXii7Hn0l,http://api.classhero.com/4hXii7Hn0l.jpg,42 * 79
11,BidHYOcj0U,http://api.classhero.com/BidHYOcj0U.jpg,30 - 1
11,PnCdUQEL9b,http://api.classhero.com/PnCdUQEL9b.jpg,108 * 106
12,wUW7rzMNCt,http://api.classhero.com/wUW7rzMNCt.jpg,21 - 19
13,K0IHB7zYZZ,http://api.classhero.com/K0IHB7zYZZ.jpg,10 * 35
13,mwwVmLjT3x,http://api.classhero.com/mwwVmLjT3x.jpg,118 + 39
14,UrUfpurI2p,http://api.classhero.com/UrUfpurI2p.jpg,65 / 24
14,G9GRjtT8lF,http://api.classhero.com/G9GRjtT8lF.jpg,83 + 133
15,2VGRadnwKn,http://api.classhero.com/2VGRadnwKn.jpg,91 + 76
16,7OCOH7UWne,http://api.classhero.com/7OCOH7UWne.jpg,49 / 45
17,HWfJszroG6,http://api.classhero.com/HWfJszroG6.jpg,107 / 95
17,u2uodShNNL,http://api.classhero.com/u2uodShNNL.jpg,12 * 28
18,9CZ1sQxkoA,http://api.classhero.com/9CZ1sQxkoA.jpg,168 * 15
19,eM7hPGLtyE,http://api.classhero.com/eM7hPGLtyE.jpg,4 + 116
20,8CsxTrsTQ7,http://api.classhero.com/8CsxTrsTQ7.jpg,171 / 139
21,qQ9bV6hpCk,http://api.classhero.com/qQ9bV6hpCk.jpg,180 - 138
22,Z5L8Z6RlQT,http://api.classhero.com/Z5L8Z6RlQT.jpg,173 * 146
23,988v36DdQS,http://api.classhero.com/988v36DdQS.jpg,111 * 100
24,htpEwFg8K6,http://api.classhero.com/htpEwFg8K6.jpg,37 * 160
25,WlJOQCWZYl,http://api.classhero.com/WlJOQCWZYl.jpg,10 + 3
26,Jm15pKUH6w,http://api.classhero.com/Jm15pKUH6w.jpg,85 + 197
28,H5qE22ux55,http://api.classhero.com/H5qE22ux55.jpg,158 + 41
29,vK77nQH3L7,http://api.classhero.com/vK77nQH3L7.jpg,178 / 90
30,oi5jyw2IUq,http://api.classhero.com/oi5jyw2IUq.jpg,66 - 25
32,cVhwBlzr54,http://api.classhero.com/cVhwBlzr54.jpg,214 * 217
33,iuimNeWnKb,http://api.classhero.com/iuimNeWnKb.jpg,140 + 92
35,9OO2clu9Gx,http://api.classhero.com/9OO2clu9Gx.jpg,143 / 29
36,TJf1OzNRoa,http://api.classhero.com/TJf1OzNRoa.jpg,105 * 198
38,qRGPoYLXvB,http://api.classhero.com/qRGPoYLXvB.jpg,366 + 193
40,LAqPMN7QSz,http://api.classhero.com/LAqPMN7QSz.jpg,248 - 100
42,aKRGsVsiv1,http://api.classhero.com/aKRGsVsiv1.jpg,387 / 9
44,5PKVstNFeS,http://api.classhero.com/5PKVstNFeS.jpg,102 / 9
46,U7U0Yt0Sn2,http://api.classhero.com/U7U0Yt0Sn2.jpg,312 - 149
48,UKhfY3oPhi,http://api.classhero.com/UKhfY3oPhi.jpg,48 * 400
50,oooMuLJbRW,http://api.classhero.com/oooMuLJbRW.jpg,337 - 179
52,XTlXR7ElOa,http://api.classhero.com/XTlXR7ElOa.jpg,293 * 264
55,xStuoS6UnZ,http://api.classhero.com/xStuoS6UnZ.jpg,31 + 321
58,btwpoBL2ub,http://api.classhero.com/btwpoBL2ub.jpg,277 / 124
60,BJwCsdH03D,http://api.classhero.com/BJwCsdH03D.jpg,232 + 400
63,b6mcMvWxVK,http://api.classhero.com/b6mcMvWxVK.jpg,534 / 482
66,dHP91k31hC,http://api.classhero.com/dHP91k31hC.jpg,235 * 119
69,yhJtCvWrcG,http://api.classhero.com/yhJtCvWrcG.jpg,658 / 123
72,xmjdpqC2QL,http://api.classhero.com/xmjdpqC2QL.jpg,82 * 429
76,44BJqWh52V,http://api.classhero.com/44BJqWh52V.jpg,181 / 316
79,YUygv5patJ,http://api.classhero.com/YUygv5patJ.jpg,77 * 603
83,Z0gqA6RMKw,http://api.classhero.com/Z0gqA6RMKw.jpg,389 - 136
87,cTZ9m95G5G,http://api.classhero.com/cTZ9m95G5G.jpg,451 / 827
91,OXi8BKsH4X,http://api.classhero.com/OXi8BKsH4X.jpg,473 / 376
95,uHB6zPnWY3,http://api.classhero.com/uHB6zPnWY3.jpg,559 - 255
100,cXgBRTc3CQ,http://api.classhero.com/cXgBRTc3CQ.jpg,877 - 977
1,yJm8DftKf0,http://api.classhero.com/yJm8DftKf0.jpg,6 + 4
1,DlTFYs7eKz,http://api.classhero.com/DlTFYs7eKz.jpg,8 + 8
1,psuZ64ibel,http://api.classhero.com/psuZ64ibel.jpg,3 * 9
1,7nUiPhBJeq,http://api.classhero.com/7nUiPhBJeq.jpg,3 + 9
1,WXhQqLnZlR,http://api.classhero.com/WXhQqLnZlR.jpg,6 / 3
1,tJ5da8fK7I,http://api.classhero.com/tJ5da8fK7I.jpg,5 / 1
1,Wy2nKXpgKV,http://api.classhero.com/Wy2nKXpgKV.jpg,5 * 5
1,GSCN7lFVqn,http://api.classhero.com/GSCN7lFVqn.jpg,9 - 1
2,ZZhkBQ2975,http://api.classhero.com/ZZhkBQ2975.jpg,15 - 4
2,hc7fx2X9p9,http://api.classhero.com/hc7fx2X9p9.jpg,12 - 8
2,NhsexGtXgE,http://api.classhero.com/NhsexGtXgE.jpg,19 / 17
2,LmIw5qXJkO,http://api.classhero.com/LmIw5qXJkO.jpg,1 * 9
2,8sDU3FVZpD,http://api.classhero.com/8sDU3FVZpD.jpg,4 - 2
2,pFim390qqk,http://api.classhero.com/pFim390qqk.jpg,1 + 2
2,KH9svbpkNM,http://api.classhero.com/KH9svbpkNM.jpg,12 * 12
2,bPvaPtlv1l,http://api.classhero.com/bPvaPtlv1l.jpg,19 - 16
2,3AKWJDAoaN,http://api.classhero.com/3AKWJDAoaN.jpg,3 + 15
2,wvyC1XS0b3,http://api.classhero.com/wvyC1XS0b3.jpg,5 + 12
2,VZUSUVac60,http://api.classhero.com/VZUSUVac60.jpg,18 / 16
3,2pLdfqocmg,http://api.classhero.com/2pLdfqocmg.jpg,6 - 2
3,qzYz88tLo1,http://api.classhero.com/qzYz88tLo1.jpg,10 + 13
3,InItRy5gAf,http://api.classhero.com/InItRy5gAf.jpg,23 - 4
3,SXixKGCjJB,http://api.classhero.com/SXixKGCjJB.jpg,16 / 14
3,UlzV30gTMn,http://api.classhero.com/UlzV30gTMn.jpg,5 - 1
3,k93iYIaPNO,http://api.classhero.com/k93iYIaPNO.jpg,10 - 2
3,hBTTx3OBu9,http://api.classhero.com/hBTTx3OBu9.jpg,19 * 16
3,C0Mfa3fHbx,http://api.classhero.com/C0Mfa3fHbx.jpg,28 * 28
4,kah9E3LBYY,http://api.classhero.com/kah9E3LBYY.jpg,12 + 3
4,OhU36Ibq3m,http://api.classhero.com/OhU36Ibq3m.jpg,19 / 10
4,ksmO0qwGH5,http://api.classhero.com/ksmO0qwGH5.jpg,9 + 15
4,cN1VyDMFe3,http://api.classhero.com/cN1VyDMFe3.jpg,26 * 24
4,5nxeP5KNND,http://api.classhero.com/5nxeP5KNND.jpg,33 * 9
5,HBX4PoFnTB,http://api.classhero.com/HBX4PoFnTB.jpg,32 + 34
5,stN88jtLWX,http://api.classhero.com/stN88jtLWX.jpg,8 * 13
5,hhRMhBdZDQ,http://api.classhero.com/hhRMhBdZDQ.jpg,15 / 1
5,7S5iqjFTzz,http://api.classhero.com/7S5iqjFTzz.jpg,36 / 21
5,9US0tIuKqv,http://api.classhero.com/9US0tIuKqv.jpg,15 / 9
6,EG1q6nHWli,http://api.classhero.com/EG1q6nHWli.jpg,9 / 4
6,CBdOFJsBv5,http://api.classhero.com/CBdOFJsBv5.jpg,37 / 35
6,ySqhKV6Kmd,http://api.classhero.com/ySqhKV6Kmd.jpg,45 + 17
7,Df1j267f65,http://api.classhero.com/Df1j267f65.jpg,34 * 11
7,pI9cwcCZx3,http://api.classhero.com/pI9cwcCZx3.jpg,40 + 65
7,MrydjEAfnL,http://api.classhero.com/MrydjEAfnL.jpg,33 * 51
8,Ya7H2nhhky,http://api.classhero.com/Ya7H2nhhky.jpg,59 / 25
8,qIo7UC21l6,http://api.classhero.com/qIo7UC21l6.jpg,47 / 16
8,V3eHGl7PxH,http://api.classhero.com/V3eHGl7PxH.jpg,39 - 34
9,QXmjr0gVgo,http://api.classhero.com/QXmjr0gVgo.jpg,86 * 81
9,gNCjCF2KnT,http://api.classhero.com/gNCjCF2KnT.jpg,34 - 23
10,BqVyqY1cEU,http://api.classhero.com/BqVyqY1cEU.jpg,3 / 2
10,4cAYWupuOy,http://api.classhero.com/4cAYWupuOy.jpg,43 / 41
10,sGRb3biNmf,http://api.classhero.com/sGRb3biNmf.jpg,15 * 67
11,iIVSn2k0TP,http://api.classhero.com/iIVSn2k0TP.jpg,12 * 102
11,QUud0OWElA,http://api.classhero.com/QUud0OWElA.jpg,53 - 29
12,Eyt7P7gI7n,http://api.classhero.com/Eyt7P7gI7n.jpg,82 + 17
13,xNDk5yC3ST,http://api.classhero.com/xNDk5yC3ST.jpg,88 * 34
13,fGZzOzf9oX,http://api.classhero.com/fGZzOzf9oX.jpg,118 / 45
14,v3D6qoNPH8,http://api.classhero.com/v3D6qoNPH8.jpg,119 / 113
14,oGtJVF54tv,http://api.classhero.com/oGtJVF54tv.jpg,82 - 73
15,ovwWY2RCpg,http://api.classhero.com/ovwWY2RCpg.jpg,73 * 116
16,QpsZQgqYvU,http://api.classhero.com/QpsZQgqYvU.jpg,80 - 60
17,aH4aMK5L8n,http://api.classhero.com/aH4aMK5L8n.jpg,135 - 28
17,XfnqPQugep,http://api.classhero.com/XfnqPQugep.jpg,34 / 13
18,2KemQ31WPc,http://api.classhero.com/2KemQ31WPc.jpg,163 + 62
19,r7i7WdW6iT,http://api.classhero.com/r7i7WdW6iT.jpg,55 + 105
20,cX4QxXWQ4f,http://api.classhero.com/cX4QxXWQ4f.jpg,69 - 50
21,KiGpGEgUcF,http://api.classhero.com/KiGpGEgUcF.jpg,39 * 75
22,vvZMH42OuS,http://api.classhero.com/vvZMH42OuS.jpg,140 / 25
23,1oG8Zc97nD,http://api.classhero.com/1oG8Zc97nD.jpg,226 / 92
24,KhBVmQc3fU,http://api.classhero.com/KhBVmQc3fU.jpg,225 * 211
25,qN2TUIqitL,http://api.classhero.com/qN2TUIqitL.jpg,83 / 42
26,9ghX7NVItT,http://api.classhero.com/9ghX7NVItT.jpg,30 + 200
28,HMfsnZaXBp,http://api.classhero.com/HMfsnZaXBp.jpg,237 * 29
29,LB6khCDsgh,http://api.classhero.com/LB6khCDsgh.jpg,131 / 83
30,8vYMsakcwv,http://api.classhero.com/8vYMsakcwv.jpg,38 + 151
32,TIQZFNI7G8,http://api.classhero.com/TIQZFNI7G8.jpg,238 / 81
33,DZcK48beW5,http://api.classhero.com/DZcK48beW5.jpg,29 * 288
35,9MHPPq1Pms,http://api.classhero.com/9MHPPq1Pms.jpg,164 * 260
36,5twxa5L1sd,http://api.classhero.com/5twxa5L1sd.jpg,70 + 262
38,Lxi5lwRO3k,http://api.classhero.com/Lxi5lwRO3k.jpg,349 / 326
40,AvRv39iJ5A,http://api.classhero.com/AvRv39iJ5A.jpg,152 / 6
42,rTrEe3xbXm,http://api.classhero.com/rTrEe3xbXm.jpg,78 + 305
44,iR3GS68T36,http://api.classhero.com/iR3GS68T36.jpg,242 / 131
46,mmcrntRRnR,http://api.classhero.com/mmcrntRRnR.jpg,244 - 69
48,wDpGB3zhuV,http://api.classhero.com/wDpGB3zhuV.jpg,136 / 129
50,dvFxqNKhLU,http://api.classhero.com/dvFxqNKhLU.jpg,70 / 2
52,NLkaGkmbFv,http://api.classhero.com/NLkaGkmbFv.jpg,270 * 363
55,5WWuQM8FYI,http://api.classhero.com/5WWuQM8FYI.jpg,193 + 403
58,u6g70X5njP,http://api.classhero.com/u6g70X5njP.jpg,334 * 119
60,hmwo7lIQnr,http://api.classhero.com/hmwo7lIQnr.jpg,476 - 148
63,iWc3jF8R1z,http://api.classhero.com/iWc3jF8R1z.jpg,558 - 67
66,i0GBUVIRoZ,http://api.classhero.com/i0GBUVIRoZ.jpg,447 - 39
69,i2jTdABQRf,http://api.classhero.com/i2jTdABQRf.jpg,684 / 175
72,Es6pIo0n8k,http://api.classhero.com/Es6pIo0n8k.jpg,240 / 173
76,m4hK9h6i5F,http://api.classhero.com/m4hK9h6i5F.jpg,717 - 731
79,hIpF23XIDK,http://api.classhero.com/hIpF23XIDK.jpg,657 + 251
83,dfnMP1cgDO,http://api.classhero.com/dfnMP1cgDO.jpg,406 + 568
87,neR8OELUsN,http://api.classhero.com/neR8OELUsN.jpg,92 + 223
91,GHuiT0tAV9,http://api.classhero.com/GHuiT0tAV9.jpg,86 - 145
95,2JT3WBHqrs,http://api.classhero.com/2JT3WBHqrs.jpg,900 + 315
100,Qtor1ynmWZ,http://api.classhero.com/Qtor1ynmWZ.jpg,504 - 318
1,HFv2BlVwKN,http://api.classhero.com/HFv2BlVwKN.jpg,3 * 8
1,6BmAoM1MQv,http://api.classhero.com/6BmAoM1MQv.jpg,3 / 1
1,C9mwmwChx8,http://api.classhero.com/C9mwmwChx8.jpg,1 - 1
1,fB3NIp4j2p,http://api.classhero.com/fB3NIp4j2p.jpg,9 - 7
1,3mswdsWBAX,http://api.classhero.com/3mswdsWBAX.jpg,3 + 8
1,33HbmrvV7J,http://api.classhero.com/33HbmrvV7J.jpg,9 * 4
1,TlN7unxDDL,http://api.classhero.com/TlN7unxDDL.jpg,5 / 4
1,DObepzNTbg,http://api.classhero.com/DObepzNTbg.jpg,7 * 3
2,y6EXJvczX2,http://api.classhero.com/y6EXJvczX2.jpg,14 + 1
2,PKBVOUgz72,http://api.classhero.com/PKBVOUgz72.jpg,12 + 9
2,RZaZkFjlsn,http://api.classhero.com/RZaZkFjlsn.jpg,8 * 16
2,1APdUkqUKL,http://api.classhero.com/1APdUkqUKL.jpg,18 - 10
2,KR2FFWu9mK,http://api.classhero.com/KR2FFWu9mK.jpg,14 - 12
2,XLQosNqMEm,http://api.classhero.com/XLQosNqMEm.jpg,3 + 18
2,MJWjPebA5q,http://api.classhero.com/MJWjPebA5q.jpg,13 / 4
2,PLeWSVtnOB,http://api.classhero.com/PLeWSVtnOB.jpg,8 / 1
2,pO0fqgEgJT,http://api.classhero.com/pO0fqgEgJT.jpg,19 - 8
2,m6SVykqy6K,http://api.classhero.com/m6SVykqy6K.jpg,4 * 8
2,oP4xAo4dsS,http://api.classhero.com/oP4xAo4dsS.jpg,17 - 3
3,ejOKYFQBeO,http://api.classhero.com/ejOKYFQBeO.jpg,9 / 1
3,2v9oadfyIZ,http://api.classhero.com/2v9oadfyIZ.jpg,16 / 8
3,P34q5kiq1w,http://api.classhero.com/P34q5kiq1w.jpg,1 + 3
3,fL5qC0TTM5,http://api.classhero.com/fL5qC0TTM5.jpg,28 / 17
3,xcRqpZ41Lg,http://api.classhero.com/xcRqpZ41Lg.jpg,7 / 6
3,vrJb5KUTYE,http://api.classhero.com/vrJb5KUTYE.jpg,27 * 12
3,IRufwynPiJ,http://api.classhero.com/IRufwynPiJ.jpg,17 - 8
3,9138LUfQPi,http://api.classhero.com/9138LUfQPi.jpg,20 * 19
4,jm2TEqPOrh,http://api.classhero.com/jm2TEqPOrh.jpg,16 / 12
4,hMsaCPViaf,http://api.classhero.com/hMsaCPViaf.jpg,24 - 12
4,P6MruVJMYI,http://api.classhero.com/P6MruVJMYI.jpg,16 - 11
4,RUpBosqSm8,http://api.classhero.com/RUpBosqSm8.jpg,9 / 2
4,TcVVKGqGEN,http://api.classhero.com/TcVVKGqGEN.jpg,6 - 1
5,PjXBJIYfdu,http://api.classhero.com/PjXBJIYfdu.jpg,5 * 25
5,rEvWzNL6k6,http://api.classhero.com/rEvWzNL6k6.jpg,29 / 16
5,jkl3OawZDp,http://api.classhero.com/jkl3OawZDp.jpg,2 * 10
5,2THHJRmtN0,http://api.classhero.com/2THHJRmtN0.jpg,20 / 5
5,xxjjsWN8g2,http://api.classhero.com/xxjjsWN8g2.jpg,27 * 17
6,DlA7DIHcCD,http://api.classhero.com/DlA7DIHcCD.jpg,22 * 56
6,Q0whm8VfhG,http://api.classhero.com/Q0whm8VfhG.jpg,46 + 33
6,m81ndTfi91,http://api.classhero.com/m81ndTfi91.jpg,31 / 13
7,QSd12DgrMB,http://api.classhero.com/QSd12DgrMB.jpg,66 - 19
7,7KNNRnnH9U,http://api.classhero.com/7KNNRnnH9U.jpg,18 + 64
7,H7T5k3y6CD,http://api.classhero.com/H7T5k3y6CD.jpg,35 / 9
8,w5CTUJ1SEp,http://api.classhero.com/w5CTUJ1SEp.jpg,77 + 73
8,AW1SjdJsEv,http://api.classhero.com/AW1SjdJsEv.jpg,11 - 5
8,9c7lTrYGQu,http://api.classhero.com/9c7lTrYGQu.jpg,8 - 4
9,dENj19R6my,http://api.classhero.com/dENj19R6my.jpg,74 - 39
9,R1TLaxO2OL,http://api.classhero.com/R1TLaxO2OL.jpg,23 + 26
10,YK3eqiA3h8,http://api.classhero.com/YK3eqiA3h8.jpg,36 - 3
10,od6ucuKHHw,http://api.classhero.com/od6ucuKHHw.jpg,27 + 64
10,nFRRgwhxxe,http://api.classhero.com/nFRRgwhxxe.jpg,40 / 12
11,Dkz6SCaQI0,http://api.classhero.com/Dkz6SCaQI0.jpg,18 + 65
11,q12IMN25wb,http://api.classhero.com/q12IMN25wb.jpg,52 + 89
12,f2kHhsb2Y4,http://api.classhero.com/f2kHhsb2Y4.jpg,9 * 78
13,Ue80BwLrwj,http://api.classhero.com/Ue80BwLrwj.jpg,73 / 2
13,wUFEDgcTVP,http://api.classhero.com/wUFEDgcTVP.jpg,45 - 44
14,hvbDMfXw1V,http://api.classhero.com/hvbDMfXw1V.jpg,31 / 9
14,e4LXMXyxF6,http://api.classhero.com/e4LXMXyxF6.jpg,50 + 100
15,E4Ngbo1il9,http://api.classhero.com/E4Ngbo1il9.jpg,71 / 37
16,7UYZoHdWAe,http://api.classhero.com/7UYZoHdWAe.jpg,45 + 148
17,YJcWxCRHer,http://api.classhero.com/YJcWxCRHer.jpg,145 * 122
17,sRbEMB2Tsx,http://api.classhero.com/sRbEMB2Tsx.jpg,69 - 57
18,KjNuhzyfQp,http://api.classhero.com/KjNuhzyfQp.jpg,37 + 51
19,rVXf0761nh,http://api.classhero.com/rVXf0761nh.jpg,186 - 123
20,gmWyB9ETVc,http://api.classhero.com/gmWyB9ETVc.jpg,153 - 115
21,MEEbmenPa4,http://api.classhero.com/MEEbmenPa4.jpg,163 * 96
22,qF54wwAve7,http://api.classhero.com/qF54wwAve7.jpg,158 / 144
23,OoG4UMA3Ad,http://api.classhero.com/OoG4UMA3Ad.jpg,42 / 18
24,Dbki6zc6gc,http://api.classhero.com/Dbki6zc6gc.jpg,209 - 5
25,G3po5uHp5j,http://api.classhero.com/G3po5uHp5j.jpg,245 + 120
26,AsImeJeD4C,http://api.classhero.com/AsImeJeD4C.jpg,81 * 21
28,NbVlEQUi3U,http://api.classhero.com/NbVlEQUi3U.jpg,260 - 181
29,6V0R9DYWAI,http://api.classhero.com/6V0R9DYWAI.jpg,126 * 191
30,xmdQaokSrG,http://api.classhero.com/xmdQaokSrG.jpg,232 * 238
32,UUzVSpOlki,http://api.classhero.com/UUzVSpOlki.jpg,146 * 261
33,bTb4QdYAUJ,http://api.classhero.com/bTb4QdYAUJ.jpg,99 + 117
35,v1pbHYjtqe,http://api.classhero.com/v1pbHYjtqe.jpg,96 / 35
36,jUT4Zn8a89,http://api.classhero.com/jUT4Zn8a89.jpg,181 - 105
38,daPietBOdI,http://api.classhero.com/daPietBOdI.jpg,294 * 8
40,k9j4fMoWTx,http://api.classhero.com/k9j4fMoWTx.jpg,171 + 131
42,ylwznfkwoU,http://api.classhero.com/ylwznfkwoU.jpg,382 - 276
44,cKkoYeKcMG,http://api.classhero.com/cKkoYeKcMG.jpg,13 - 9
46,FI1tOKVuH3,http://api.classhero.com/FI1tOKVuH3.jpg,69 + 255
48,OGthTAAzMo,http://api.classhero.com/OGthTAAzMo.jpg,115 / 12
50,WMpuYjjF65,http://api.classhero.com/WMpuYjjF65.jpg,134 * 194
52,n60QIPOwW4,http://api.classhero.com/n60QIPOwW4.jpg,251 / 160
55,KCkyFvtiN2,http://api.classhero.com/KCkyFvtiN2.jpg,518 / 315
58,4PXFKqIKhE,http://api.classhero.com/4PXFKqIKhE.jpg,215 / 24
60,Pzx3CRlm6E,http://api.classhero.com/Pzx3CRlm6E.jpg,273 / 47
63,kwZLFKBGGL,http://api.classhero.com/kwZLFKBGGL.jpg,393 * 340
66,0FME75D6uc,http://api.classhero.com/0FME75D6uc.jpg,551 * 78
69,ufQXP3pIsG,http://api.classhero.com/ufQXP3pIsG.jpg,618 * 303
72,E9vYO1lenZ,http://api.classhero.com/E9vYO1lenZ.jpg,169 / 305
76,KpacvK6QIG,http://api.classhero.com/KpacvK6QIG.jpg,122 / 45
79,Q0gvPHDgkA,http://api.classhero.com/Q0gvPHDgkA.jpg,645 - 527
83,fheULhaTtR,http://api.classhero.com/fheULhaTtR.jpg,652 / 64
87,JpI53jALrl,http://api.classhero.com/JpI53jALrl.jpg,546 * 249
91,TNOe3rFtbN,http://api.classhero.com/TNOe3rFtbN.jpg,801 / 177
95,iuWG7WjrR3,http://api.classhero.com/iuWG7WjrR3.jpg,549 / 114
100,oJ8XopWsab,http://api.classhero.com/oJ8XopWsab.jpg,271 / 247
1,ttmBt5XyUj,http://api.classhero.com/ttmBt5XyUj.jpg,8 * 5
1,N0qmlP3HNh,http://api.classhero.com/N0qmlP3HNh.jpg,6 * 3
1,rrG3xm1kO5,http://api.classhero.com/rrG3xm1kO5.jpg,5 * 2
1,k70scc1oc5,http://api.classhero.com/k70scc1oc5.jpg,5 + 1
1,s6rCyZb6Tk,http://api.classhero.com/s6rCyZb6Tk.jpg,5 - 3
1,0zKQxHEgWB,http://api.classhero.com/0zKQxHEgWB.jpg,1 * 4
1,QcBPUwYuzH,http://api.classhero.com/QcBPUwYuzH.jpg,9 - 5
1,jXJaofxOH1,http://api.classhero.com/jXJaofxOH1.jpg,6 + 1
2,qYzF6iRK6p,http://api.classhero.com/qYzF6iRK6p.jpg,19 * 17
2,mMmscfodgl,http://api.classhero.com/mMmscfodgl.jpg,13 - 2
2,1Tlunx6KNB,http://api.classhero.com/1Tlunx6KNB.jpg,7 / 2
2,QSjo5OSyRp,http://api.classhero.com/QSjo5OSyRp.jpg,15 / 12
2,jhTqHwzw85,http://api.classhero.com/jhTqHwzw85.jpg,18 / 2
2,IR74f9tCYR,http://api.classhero.com/IR74f9tCYR.jpg,13 / 8
2,QoIATmrBrV,http://api.classhero.com/QoIATmrBrV.jpg,18 - 15
2,cErN8wKtAM,http://api.classhero.com/cErN8wKtAM.jpg,12 * 6
2,E08e4wtFrU,http://api.classhero.com/E08e4wtFrU.jpg,2 + 10
2,3UkOV0ThIr,http://api.classhero.com/3UkOV0ThIr.jpg,7 / 1
2,P2tV21PC0g,http://api.classhero.com/P2tV21PC0g.jpg,1 * 14
3,HNKgcMCayb,http://api.classhero.com/HNKgcMCayb.jpg,26 / 12
3,Sgm546dwBl,http://api.classhero.com/Sgm546dwBl.jpg,25 / 6
3,l2uFjqWHaz,http://api.classhero.com/l2uFjqWHaz.jpg,14 - 3
3,zHRz4lH52Y,http://api.classhero.com/zHRz4lH52Y.jpg,8 + 16
3,bK8pRUdmK7,http://api.classhero.com/bK8pRUdmK7.jpg,6 * 29
3,spg8ZYnedj,http://api.classhero.com/spg8ZYnedj.jpg,17 - 1
3,cTEmycA0lu,http://api.classhero.com/cTEmycA0lu.jpg,18 / 10
3,cNdOS4kyn6,http://api.classhero.com/cNdOS4kyn6.jpg,1 * 29
4,n8uWvPJiRP,http://api.classhero.com/n8uWvPJiRP.jpg,20 * 18
4,gHOJCAOHby,http://api.classhero.com/gHOJCAOHby.jpg,22 - 14
4,CtKMEutNGu,http://api.classhero.com/CtKMEutNGu.jpg,8 - 7
4,vW8e6akUfX,http://api.classhero.com/vW8e6akUfX.jpg,6 * 8
4,P3WfYhUvt1,http://api.classhero.com/P3WfYhUvt1.jpg,28 * 15
5,cyQtl9H3Tc,http://api.classhero.com/cyQtl9H3Tc.jpg,49 / 36
5,s6vwUxjzls,http://api.classhero.com/s6vwUxjzls.jpg,34 / 6
5,iGya3T3UKl,http://api.classhero.com/iGya3T3UKl.jpg,44 + 4
5,uNWUWfXnXD,http://api.classhero.com/uNWUWfXnXD.jpg,33 / 24
5,B1o5wiaX21,http://api.classhero.com/B1o5wiaX21.jpg,16 + 5
6,HezV7bGEcR,http://api.classhero.com/HezV7bGEcR.jpg,58 * 13
6,7KyEm42ZZY,http://api.classhero.com/7KyEm42ZZY.jpg,56 * 23
6,i4Yh2hmMQq,http://api.classhero.com/i4Yh2hmMQq.jpg,22 * 39
7,QHkj1wFsey,http://api.classhero.com/QHkj1wFsey.jpg,49 + 67
7,9kioS44Lj3,http://api.classhero.com/9kioS44Lj3.jpg,50 - 4
7,48q6we99Ik,http://api.classhero.com/48q6we99Ik.jpg,1 + 39
8,VDEgyszP3v,http://api.classhero.com/VDEgyszP3v.jpg,70 / 3
8,R28LqKyDgX,http://api.classhero.com/R28LqKyDgX.jpg,26 / 1
8,JfctMnBn4U,http://api.classhero.com/JfctMnBn4U.jpg,60 + 38
9,bmVdXwFbnG,http://api.classhero.com/bmVdXwFbnG.jpg,63 * 46
9,6ibjFw4dvi,http://api.classhero.com/6ibjFw4dvi.jpg,55 - 2
10,hFmte1QV70,http://api.classhero.com/hFmte1QV70.jpg,98 / 51
10,sZ7XXJM2Gv,http://api.classhero.com/sZ7XXJM2Gv.jpg,10 * 94
10,qh4jByaxno,http://api.classhero.com/qh4jByaxno.jpg,73 - 71
11,rtOqNSVwns,http://api.classhero.com/rtOqNSVwns.jpg,48 + 51
11,wCGEK69LLw,http://api.classhero.com/wCGEK69LLw.jpg,81 * 81
12,W9uBWfsnkE,http://api.classhero.com/W9uBWfsnkE.jpg,83 / 28
13,koAeMr357Z,http://api.classhero.com/koAeMr357Z.jpg,8 + 87
13,XN26KZRm0B,http://api.classhero.com/XN26KZRm0B.jpg,38 * 77
14,K7WVXRfia9,http://api.classhero.com/K7WVXRfia9.jpg,138 * 120
14,RisUclEniA,http://api.classhero.com/RisUclEniA.jpg,36 / 3
15,NWKux5WndP,http://api.classhero.com/NWKux5WndP.jpg,25 + 136
16,WKfTEelJiy,http://api.classhero.com/WKfTEelJiy.jpg,1 / 1
17,Wyb90FDjJq,http://api.classhero.com/Wyb90FDjJq.jpg,100 + 30
17,5JmD5hBCbF,http://api.classhero.com/5JmD5hBCbF.jpg,54 - 21
18,wEwd9uVMfD,http://api.classhero.com/wEwd9uVMfD.jpg,106 / 74
19,ZeBHnlqsbL,http://api.classhero.com/ZeBHnlqsbL.jpg,172 / 6
20,ySVCeIHBp9,http://api.classhero.com/ySVCeIHBp9.jpg,144 * 134
21,zSt3bGEBiN,http://api.classhero.com/zSt3bGEBiN.jpg,176 + 115
22,hKUHCCddgn,http://api.classhero.com/hKUHCCddgn.jpg,197 / 127
23,I7N4yHCEIS,http://api.classhero.com/I7N4yHCEIS.jpg,104 / 13
24,ibVjkdj7cO,http://api.classhero.com/ibVjkdj7cO.jpg,115 + 89
25,kbHaWotkD3,http://api.classhero.com/kbHaWotkD3.jpg,248 * 63
26,kj20w2MVbM,http://api.classhero.com/kj20w2MVbM.jpg,120 + 32
28,xkZ3c7p2SX,http://api.classhero.com/xkZ3c7p2SX.jpg,249 * 173
29,y4ol6MI2gt,http://api.classhero.com/y4ol6MI2gt.jpg,83 + 275
30,UnF1gcxHcL,http://api.classhero.com/UnF1gcxHcL.jpg,130 - 126
32,hVLxUpNVQy,http://api.classhero.com/hVLxUpNVQy.jpg,216 + 307
33,vGhU18pUoj,http://api.classhero.com/vGhU18pUoj.jpg,259 - 88
35,y172V3obuS,http://api.classhero.com/y172V3obuS.jpg,103 * 184
36,TGIn9qzdF4,http://api.classhero.com/TGIn9qzdF4.jpg,211 + 68
38,GTtOHDOvnq,http://api.classhero.com/GTtOHDOvnq.jpg,107 / 72
40,djXCiWYXMr,http://api.classhero.com/djXCiWYXMr.jpg,310 * 240
42,Uj9KMGPGpI,http://api.classhero.com/Uj9KMGPGpI.jpg,343 * 186
44,u3qd8SpAtO,http://api.classhero.com/u3qd8SpAtO.jpg,5 * 218
46,FCnUQZwzFp,http://api.classhero.com/FCnUQZwzFp.jpg,352 + 407
48,rMQIYR9rhB,http://api.classhero.com/rMQIYR9rhB.jpg,366 + 203
50,J2SIbqsDyx,http://api.classhero.com/J2SIbqsDyx.jpg,365 + 491
52,iVdIbfKWFz,http://api.classhero.com/iVdIbfKWFz.jpg,17 * 315
55,qne9MPTcLw,http://api.classhero.com/qne9MPTcLw.jpg,523 * 392
58,TN41LdmM8K,http://api.classhero.com/TN41LdmM8K.jpg,486 - 393
60,mLo1dD48Np,http://api.classhero.com/mLo1dD48Np.jpg,50 / 49
63,WQmWFROJ0u,http://api.classhero.com/WQmWFROJ0u.jpg,422 + 465
66,KtICce6XqE,http://api.classhero.com/KtICce6XqE.jpg,501 + 135
69,VimddUAuri,http://api.classhero.com/VimddUAuri.jpg,469 / 366
72,gBVDkqDBAB,http://api.classhero.com/gBVDkqDBAB.jpg,394 - 74
76,zceTxUJ092,http://api.classhero.com/zceTxUJ092.jpg,192 - 693
79,t3eVnWbd8E,http://api.classhero.com/t3eVnWbd8E.jpg,726 * 96
83,5R0orktnte,http://api.classhero.com/5R0orktnte.jpg,267 * 550
87,0cpkCY0Lyg,http://api.classhero.com/0cpkCY0Lyg.jpg,145 / 867
91,66BfhoZme2,http://api.classhero.com/66BfhoZme2.jpg,736 + 343
95,3QugxEFVNm,http://api.classhero.com/3QugxEFVNm.jpg,513 + 766
100,bjBRuGff1I,http://api.classhero.com/bjBRuGff1I.jpg,713 / 532
1,DW4eKXfKgp,http://api.classhero.com/DW4eKXfKgp.jpg,6 + 2
1,KYsKtkYdWv,http://api.classhero.com/KYsKtkYdWv.jpg,7 + 9
1,s3zQq5yrZO,http://api.classhero.com/s3zQq5yrZO.jpg,7 * 1
1,mDDacd9Yeq,http://api.classhero.com/mDDacd9Yeq.jpg,5 / 3
1,iCiXEh5rXU,http://api.classhero.com/iCiXEh5rXU.jpg,5 * 4
1,HyqfQjUzXC,http://api.classhero.com/HyqfQjUzXC.jpg,8 / 3
1,wtrw0kM46d,http://api.classhero.com/wtrw0kM46d.jpg,3 + 3
1,P59HSiEIgW,http://api.classhero.com/P59HSiEIgW.jpg,2 + 7
2,TvhAPT9zf6,http://api.classhero.com/TvhAPT9zf6.jpg,19 * 5
2,pDxSTUhzRl,http://api.classhero.com/pDxSTUhzRl.jpg,18 * 7
2,6i6ivcVd4t,http://api.classhero.com/6i6ivcVd4t.jpg,12 * 16
2,ZFT9nQeF90,http://api.classhero.com/ZFT9nQeF90.jpg,7 * 9
2,m90y49DqYx,http://api.classhero.com/m90y49DqYx.jpg,12 / 3
2,uN8plaBc5x,http://api.classhero.com/uN8plaBc5x.jpg,11 + 14
2,Jel9ODzvpP,http://api.classhero.com/Jel9ODzvpP.jpg,7 + 15
2,tafnFZRToj,http://api.classhero.com/tafnFZRToj.jpg,12 - 2
2,MXZ9cVdYMn,http://api.classhero.com/MXZ9cVdYMn.jpg,11 + 6
2,CABUt62YQT,http://api.classhero.com/CABUt62YQT.jpg,8 - 3
2,S0iz1wu0m1,http://api.classhero.com/S0iz1wu0m1.jpg,2 * 1
3,Fhb8k2ozav,http://api.classhero.com/Fhb8k2ozav.jpg,12 + 25
3,gW6fBbdXMI,http://api.classhero.com/gW6fBbdXMI.jpg,29 - 20
3,DcSS86TVv5,http://api.classhero.com/DcSS86TVv5.jpg,17 + 7
3,ZhhyR6wcGc,http://api.classhero.com/ZhhyR6wcGc.jpg,22 / 3
3,tbnmqQfJ6A,http://api.classhero.com/tbnmqQfJ6A.jpg,21 + 11
3,83dhy2mf21,http://api.classhero.com/83dhy2mf21.jpg,1 * 1
3,0alGckPhgI,http://api.classhero.com/0alGckPhgI.jpg,22 - 8
3,uGzeTJjTom,http://api.classhero.com/uGzeTJjTom.jpg,18 / 15
4,P2w84VZIxC,http://api.classhero.com/P2w84VZIxC.jpg,19 * 26
4,8hzGfgFiyI,http://api.classhero.com/8hzGfgFiyI.jpg,26 - 1
4,0W1zNeKOFy,http://api.classhero.com/0W1zNeKOFy.jpg,23 - 7
4,HASrewUcUT,http://api.classhero.com/HASrewUcUT.jpg,5 * 28
4,eNrFpv2v7d,http://api.classhero.com/eNrFpv2v7d.jpg,32 - 15
5,hbhr78rReH,http://api.classhero.com/hbhr78rReH.jpg,10 - 1
5,c00HQBYg6m,http://api.classhero.com/c00HQBYg6m.jpg,25 + 32
5,pZri3r5I08,http://api.classhero.com/pZri3r5I08.jpg,21 * 48
5,B4tpGlaoxk,http://api.classhero.com/B4tpGlaoxk.jpg,4 * 25
5,6FYr09M7Tg,http://api.classhero.com/6FYr09M7Tg.jpg,17 - 9
6,DnRwP5kc0F,http://api.classhero.com/DnRwP5kc0F.jpg,18 + 56
6,MPsBB8y53g,http://api.classhero.com/MPsBB8y53g.jpg,24 / 19
6,5X2FgpUYbc,http://api.classhero.com/5X2FgpUYbc.jpg,9 + 39
7,ul8lQ5AxY1,http://api.classhero.com/ul8lQ5AxY1.jpg,4 + 67
7,ezGCKrdeeg,http://api.classhero.com/ezGCKrdeeg.jpg,33 - 2
7,AlFrKBWsqK,http://api.classhero.com/AlFrKBWsqK.jpg,44 * 1
8,0EvbVCYZt5,http://api.classhero.com/0EvbVCYZt5.jpg,66 + 12
8,W7Q7jK36i2,http://api.classhero.com/W7Q7jK36i2.jpg,55 - 16
8,DlarU1OsvA,http://api.classhero.com/DlarU1OsvA.jpg,8 / 7
9,FKMTGofWAM,http://api.classhero.com/FKMTGofWAM.jpg,77 - 18
9,Tyq58i0AHs,http://api.classhero.com/Tyq58i0AHs.jpg,16 - 2
10,iiEPhYFLnD,http://api.classhero.com/iiEPhYFLnD.jpg,95 / 8
10,nAFn8f55w0,http://api.classhero.com/nAFn8f55w0.jpg,64 / 53
10,NVOGqFXlrH,http://api.classhero.com/NVOGqFXlrH.jpg,73 / 71
11,WCBOZOH5qp,http://api.classhero.com/WCBOZOH5qp.jpg,33 / 27
11,qbNzaaKJ0A,http://api.classhero.com/qbNzaaKJ0A.jpg,68 - 67
12,G5igvJCm94,http://api.classhero.com/G5igvJCm94.jpg,102 / 93
13,HILavlIUAP,http://api.classhero.com/HILavlIUAP.jpg,85 + 117
13,HOf3syYx7l,http://api.classhero.com/HOf3syYx7l.jpg,2 * 81
14,IXhR36OCIP,http://api.classhero.com/IXhR36OCIP.jpg,83 / 18
14,bkzMQulHHu,http://api.classhero.com/bkzMQulHHu.jpg,17 - 7
15,LtOZGU3Dku,http://api.classhero.com/LtOZGU3Dku.jpg,138 - 8
16,2RZoJy5Fff,http://api.classhero.com/2RZoJy5Fff.jpg,41 * 133
17,3fpELiqT0a,http://api.classhero.com/3fpELiqT0a.jpg,151 / 72
17,8SDcUVaJZ4,http://api.classhero.com/8SDcUVaJZ4.jpg,34 - 29
18,CRqd7oDMm5,http://api.classhero.com/CRqd7oDMm5.jpg,10 + 143
19,wiwIYkgfYM,http://api.classhero.com/wiwIYkgfYM.jpg,140 - 26
20,B0gDZZ4riv,http://api.classhero.com/B0gDZZ4riv.jpg,128 / 17
21,w6qOkh1MEC,http://api.classhero.com/w6qOkh1MEC.jpg,94 / 52
22,0usvaBxVYU,http://api.classhero.com/0usvaBxVYU.jpg,139 + 200
23,tuJTmCimsd,http://api.classhero.com/tuJTmCimsd.jpg,160 + 72
24,CZtc2jhgpA,http://api.classhero.com/CZtc2jhgpA.jpg,40 + 46
25,uNBxoMjAT2,http://api.classhero.com/uNBxoMjAT2.jpg,125 / 36
26,RvPPqOpbk3,http://api.classhero.com/RvPPqOpbk3.jpg,254 / 167
28,t9TKMnBdqq,http://api.classhero.com/t9TKMnBdqq.jpg,180 - 171
29,9ibvLUNIPx,http://api.classhero.com/9ibvLUNIPx.jpg,6 - 5
30,87ErhM4GqM,http://api.classhero.com/87ErhM4GqM.jpg,244 - 205
32,SHayklZ50u,http://api.classhero.com/SHayklZ50u.jpg,156 / 137
33,6z7KdXIQrc,http://api.classhero.com/6z7KdXIQrc.jpg,142 + 283
35,GctpUThEsf,http://api.classhero.com/GctpUThEsf.jpg,24 + 223
36,ANvgqTEwNX,http://api.classhero.com/ANvgqTEwNX.jpg,356 - 235
38,gcOmv3z5Hs,http://api.classhero.com/gcOmv3z5Hs.jpg,96 + 290
40,0hzoHfyIkU,http://api.classhero.com/0hzoHfyIkU.jpg,55 + 164
42,GNbl9qLECQ,http://api.classhero.com/GNbl9qLECQ.jpg,155 - 26
44,liymAFjFxK,http://api.classhero.com/liymAFjFxK.jpg,412 + 348
46,3aJVBah6Vn,http://api.classhero.com/3aJVBah6Vn.jpg,95 * 456
48,Jza9wTtLY7,http://api.classhero.com/Jza9wTtLY7.jpg,405 + 194
50,Wr7NrODzWa,http://api.classhero.com/Wr7NrODzWa.jpg,125 / 90
52,41ZflqGk65,http://api.classhero.com/41ZflqGk65.jpg,400 * 221
55,0AQVSUo7HV,http://api.classhero.com/0AQVSUo7HV.jpg,48 - 14
58,r7gtxXB834,http://api.classhero.com/r7gtxXB834.jpg,298 + 212
60,qMTzRK3BIm,http://api.classhero.com/qMTzRK3BIm.jpg,426 / 497
63,RXyzXeq0F5,http://api.classhero.com/RXyzXeq0F5.jpg,587 / 212
66,QXkDKw9nv3,http://api.classhero.com/QXkDKw9nv3.jpg,118 / 509
69,JylXHfl1Wr,http://api.classhero.com/JylXHfl1Wr.jpg,112 + 568
72,3MfrBXDGWQ,http://api.classhero.com/3MfrBXDGWQ.jpg,160 - 554
76,vJzszqjBsR,http://api.classhero.com/vJzszqjBsR.jpg,470 * 97
79,ErSp8PB32S,http://api.classhero.com/ErSp8PB32S.jpg,377 + 517
83,KfQz3Sdl4p,http://api.classhero.com/KfQz3Sdl4p.jpg,97 * 232
87,Cx4p35ZvD1,http://api.classhero.com/Cx4p35ZvD1.jpg,836 / 416
91,tb2yBILgbL,http://api.classhero.com/tb2yBILgbL.jpg,495 * 269
95,rg80IIuJKb,http://api.classhero.com/rg80IIuJKb.jpg,475 + 627
100,lyPRFQyeeU,http://api.classhero.com/lyPRFQyeeU.jpg,441 - 528
1,ZOcUnXqDxS,http://api.classhero.com/ZOcUnXqDxS.jpg,5 + 2
1,4I1vZ7LzOx,http://api.classhero.com/4I1vZ7LzOx.jpg,6 * 1
1,nkdsHcxU85,http://api.classhero.com/nkdsHcxU85.jpg,2 + 4
1,QmByk0x62a,http://api.classhero.com/QmByk0x62a.jpg,4 * 1
1,s2BYBBZL2R,http://api.classhero.com/s2BYBBZL2R.jpg,1 + 8
1,57smDMtCtv,http://api.classhero.com/57smDMtCtv.jpg,8 - 6
1,yM3YpUpscd,http://api.classhero.com/yM3YpUpscd.jpg,5 + 3
1,ncRKrmHCc5,http://api.classhero.com/ncRKrmHCc5.jpg,9 + 6
2,LzTXwx0Exi,http://api.classhero.com/LzTXwx0Exi.jpg,4 + 15
2,qetzSGe8nm,http://api.classhero.com/qetzSGe8nm.jpg,4 * 12
2,esl19lXc1y,http://api.classhero.com/esl19lXc1y.jpg,6 / 1
2,ed4r2FXkGa,http://api.classhero.com/ed4r2FXkGa.jpg,18 + 4
2,zoa2944Ao8,http://api.classhero.com/zoa2944Ao8.jpg,13 + 10
2,xVZ4268J5U,http://api.classhero.com/xVZ4268J5U.jpg,17 - 6
2,PwnOkjxJn8,http://api.classhero.com/PwnOkjxJn8.jpg,19 / 18
2,x2T61zKSQI,http://api.classhero.com/x2T61zKSQI.jpg,19 / 6
2,jiNzgfaay7,http://api.classhero.com/jiNzgfaay7.jpg,10 - 5
2,b6MLPKmXaS,http://api.classhero.com/b6MLPKmXaS.jpg,14 + 16
2,bYz30T56DW,http://api.classhero.com/bYz30T56DW.jpg,1 + 7
3,6xgalbR9OD,http://api.classhero.com/6xgalbR9OD.jpg,11 / 9
3,BPcBgnH2RR,http://api.classhero.com/BPcBgnH2RR.jpg,28 / 19
3,muYwELOoZ7,http://api.classhero.com/muYwELOoZ7.jpg,10 * 27
3,rb9PfpKSrO,http://api.classhero.com/rb9PfpKSrO.jpg,10 - 7
3,mgk7OJacy3,http://api.classhero.com/mgk7OJacy3.jpg,24 / 5
3,Y6QWThYVQh,http://api.classhero.com/Y6QWThYVQh.jpg,11 + 8
3,acs2g748hj,http://api.classhero.com/acs2g748hj.jpg,29 + 22
3,OZBRRioXvw,http://api.classhero.com/OZBRRioXvw.jpg,6 + 17
4,8Wn8TQBRzX,http://api.classhero.com/8Wn8TQBRzX.jpg,26 * 13
4,LFX1nY105M,http://api.classhero.com/LFX1nY105M.jpg,35 + 9
4,tkj4EVmJzB,http://api.classhero.com/tkj4EVmJzB.jpg,33 * 35
4,dq7TMdEe1K,http://api.classhero.com/dq7TMdEe1K.jpg,5 * 34
4,LHhuQpXIDb,http://api.classhero.com/LHhuQpXIDb.jpg,10 * 36
5,XLKM5c6Zk4,http://api.classhero.com/XLKM5c6Zk4.jpg,6 + 6
5,QTTqEbedJF,http://api.classhero.com/QTTqEbedJF.jpg,8 + 35
5,wAJcjvlfyN,http://api.classhero.com/wAJcjvlfyN.jpg,36 * 42
5,2k9bYWp8ht,http://api.classhero.com/2k9bYWp8ht.jpg,35 * 25
5,xKEKTJeZBL,http://api.classhero.com/xKEKTJeZBL.jpg,34 - 15
6,OqtgEGvdil,http://api.classhero.com/OqtgEGvdil.jpg,50 * 7
6,Lg2ZmJKvYb,http://api.classhero.com/Lg2ZmJKvYb.jpg,18 - 8
6,pIr6ItEYm4,http://api.classhero.com/pIr6ItEYm4.jpg,24 + 58
7,JhjnjhPeYl,http://api.classhero.com/JhjnjhPeYl.jpg,60 - 32
7,11YcxIq7sk,http://api.classhero.com/11YcxIq7sk.jpg,17 - 10
7,4BBuRTcx6L,http://api.classhero.com/4BBuRTcx6L.jpg,52 / 35
8,GZLUW46Xww,http://api.classhero.com/GZLUW46Xww.jpg,63 * 75
8,RUuWWhC3OU,http://api.classhero.com/RUuWWhC3OU.jpg,73 / 40
8,v3JaiTT5zr,http://api.classhero.com/v3JaiTT5zr.jpg,58 + 40
9,tpEDsE2FpG,http://api.classhero.com/tpEDsE2FpG.jpg,46 - 44
9,0yz19dqu5s,http://api.classhero.com/0yz19dqu5s.jpg,37 / 33
10,Eq3gdNEIIW,http://api.classhero.com/Eq3gdNEIIW.jpg,68 + 10
10,Z67ubZKeDZ,http://api.classhero.com/Z67ubZKeDZ.jpg,35 + 98
10,ZPk0BazxPB,http://api.classhero.com/ZPk0BazxPB.jpg,31 + 7
11,l8kFicHEc5,http://api.classhero.com/l8kFicHEc5.jpg,79 / 71
11,Es2ZLCVyI3,http://api.classhero.com/Es2ZLCVyI3.jpg,71 + 26
12,xDROF9zz1n,http://api.classhero.com/xDROF9zz1n.jpg,105 - 50
13,idgOnMTokt,http://api.classhero.com/idgOnMTokt.jpg,54 / 14
13,rpvaO7QSSA,http://api.classhero.com/rpvaO7QSSA.jpg,64 * 47
14,UOnOZY8e74,http://api.classhero.com/UOnOZY8e74.jpg,138 + 134
14,6LGSOMPVvB,http://api.classhero.com/6LGSOMPVvB.jpg,53 * 120
15,9YbFINvdRu,http://api.classhero.com/9YbFINvdRu.jpg,63 / 58
16,wyfHivBoUa,http://api.classhero.com/wyfHivBoUa.jpg,85 + 71
17,vUaOjTFVKA,http://api.classhero.com/vUaOjTFVKA.jpg,31 * 144
17,05M9EKOTne,http://api.classhero.com/05M9EKOTne.jpg,45 / 10
18,L37SiFN3FJ,http://api.classhero.com/L37SiFN3FJ.jpg,157 - 23
19,IolvBIJVWB,http://api.classhero.com/IolvBIJVWB.jpg,31 - 18
20,1W3m3LTty3,http://api.classhero.com/1W3m3LTty3.jpg,185 - 138
21,lugwHeDdYx,http://api.classhero.com/lugwHeDdYx.jpg,54 / 32
22,ppeHirdCel,http://api.classhero.com/ppeHirdCel.jpg,172 * 153
23,OBlZqrDkXt,http://api.classhero.com/OBlZqrDkXt.jpg,116 * 168
24,2zHtLnvzBr,http://api.classhero.com/2zHtLnvzBr.jpg,96 * 203
25,nHkzvfvVmp,http://api.classhero.com/nHkzvfvVmp.jpg,89 / 82
26,N9IQ0grfQu,http://api.classhero.com/N9IQ0grfQu.jpg,186 / 132
28,HsR66LfCbR,http://api.classhero.com/HsR66LfCbR.jpg,274 * 41
29,JQ6lDqSC20,http://api.classhero.com/JQ6lDqSC20.jpg,51 / 29
30,x6waLAShQq,http://api.classhero.com/x6waLAShQq.jpg,287 * 4
32,cGmJFYiKR9,http://api.classhero.com/cGmJFYiKR9.jpg,3 - 2
33,um9PoRgLEe,http://api.classhero.com/um9PoRgLEe.jpg,256 - 42
35,7l8xkCkmkl,http://api.classhero.com/7l8xkCkmkl.jpg,281 / 248
36,QUZILuLx6z,http://api.classhero.com/QUZILuLx6z.jpg,245 / 31
38,nG0QJQfuef,http://api.classhero.com/nG0QJQfuef.jpg,268 + 8
40,Il3s9zhUXS,http://api.classhero.com/Il3s9zhUXS.jpg,195 - 188
42,OxEKmCwS4P,http://api.classhero.com/OxEKmCwS4P.jpg,221 - 3
44,8EaF11bhqO,http://api.classhero.com/8EaF11bhqO.jpg,61 / 27
46,4xoN1JR78c,http://api.classhero.com/4xoN1JR78c.jpg,135 * 212
48,6gZUXl5kSg,http://api.classhero.com/6gZUXl5kSg.jpg,395 + 142
50,9M8VSbBH9b,http://api.classhero.com/9M8VSbBH9b.jpg,109 + 260
52,iSMUlfFhE6,http://api.classhero.com/iSMUlfFhE6.jpg,64 / 5
55,6JpAIWVcdS,http://api.classhero.com/6JpAIWVcdS.jpg,20 * 266
58,gIBlvxWHOH,http://api.classhero.com/gIBlvxWHOH.jpg,146 * 236
60,O3KIS2GZrk,http://api.classhero.com/O3KIS2GZrk.jpg,293 + 120
63,awNqkMyw4J,http://api.classhero.com/awNqkMyw4J.jpg,211 - 447
66,hPhbHYONDf,http://api.classhero.com/hPhbHYONDf.jpg,127 * 584
69,zD2C1d63lU,http://api.classhero.com/zD2C1d63lU.jpg,211 - 481
72,ZmD0yBY74r,http://api.classhero.com/ZmD0yBY74r.jpg,182 * 202
76,OClRUPHtRh,http://api.classhero.com/OClRUPHtRh.jpg,738 - 358
79,ZVULhee8Fl,http://api.classhero.com/ZVULhee8Fl.jpg,322 - 535
83,4sr4AUMyn5,http://api.classhero.com/4sr4AUMyn5.jpg,215 + 704
87,1jjeZuKWQL,http://api.classhero.com/1jjeZuKWQL.jpg,394 / 585
91,k4NZ8GyADb,http://api.classhero.com/k4NZ8GyADb.jpg,236 - 186
95,Zmg9WDHxma,http://api.classhero.com/Zmg9WDHxma.jpg,51 + 206
100,8YM6nyUmOl,http://api.classhero.com/8YM6nyUmOl.jpg,717 / 333
1,o0Kgcd67BW,http://api.classhero.com/o0Kgcd67BW.jpg,6 * 2
1,2xDNkAeAgN,http://api.classhero.com/2xDNkAeAgN.jpg,1 + 9
1,RsvJuEyQN2,http://api.classhero.com/RsvJuEyQN2.jpg,5 + 6
1,lg3eKzNXmA,http://api.classhero.com/lg3eKzNXmA.jpg,7 * 8
1,z4XvVYKWBk,http://api.classhero.com/z4XvVYKWBk.jpg,6 * 7
1,QaaRtSTj52,http://api.classhero.com/QaaRtSTj52.jpg,8 * 9
1,ljev0EsbTS,http://api.classhero.com/ljev0EsbTS.jpg,4 * 7
1,NjkUatJe0F,http://api.classhero.com/NjkUatJe0F.jpg,4 / 3
2,R5B36UlJrf,http://api.classhero.com/R5B36UlJrf.jpg,6 + 7
2,JyI4rDc2XY,http://api.classhero.com/JyI4rDc2XY.jpg,7 * 15
2,sekfW1RQi6,http://api.classhero.com/sekfW1RQi6.jpg,11 * 1
2,0ML7N9QWVO,http://api.classhero.com/0ML7N9QWVO.jpg,15 * 18
2,rh8Vz4xmeP,http://api.classhero.com/rh8Vz4xmeP.jpg,11 + 2
2,lgCB3dpcQz,http://api.classhero.com/lgCB3dpcQz.jpg,3 + 19
2,46k7kc4KoC,http://api.classhero.com/46k7kc4KoC.jpg,8 - 5
2,Vs65x8G3Dk,http://api.classhero.com/Vs65x8G3Dk.jpg,9 + 10
2,AWnT6RGb37,http://api.classhero.com/AWnT6RGb37.jpg,3 + 7
2,18V95s2y8F,http://api.classhero.com/18V95s2y8F.jpg,3 * 7
2,jTQ9HFs30M,http://api.classhero.com/jTQ9HFs30M.jpg,10 * 12
3,k6Mccf61zq,http://api.classhero.com/k6Mccf61zq.jpg,16 * 3
3,Dk4MJHS5uj,http://api.classhero.com/Dk4MJHS5uj.jpg,21 * 18
3,Dpx7xFiffJ,http://api.classhero.com/Dpx7xFiffJ.jpg,12 + 22
3,f5vj6TG0iK,http://api.classhero.com/f5vj6TG0iK.jpg,9 * 20
3,l9zVQaYySQ,http://api.classhero.com/l9zVQaYySQ.jpg,17 / 12
3,p73LLijniE,http://api.classhero.com/p73LLijniE.jpg,12 / 6
3,O2sjOBEYlR,http://api.classhero.com/O2sjOBEYlR.jpg,8 * 22
3,OgMUW83Ero,http://api.classhero.com/OgMUW83Ero.jpg,23 - 5
4,151CvxvEYa,http://api.classhero.com/151CvxvEYa.jpg,10 / 8
4,PpVHhg5Pej,http://api.classhero.com/PpVHhg5Pej.jpg,23 * 17
4,4Hea7Z33cf,http://api.classhero.com/4Hea7Z33cf.jpg,18 - 4
4,HsAkicme1F,http://api.classhero.com/HsAkicme1F.jpg,31 - 28
4,YyfPqRKKWE,http://api.classhero.com/YyfPqRKKWE.jpg,32 + 20
5,ILoi6r3j6c,http://api.classhero.com/ILoi6r3j6c.jpg,44 * 8
5,gKTSCro0hA,http://api.classhero.com/gKTSCro0hA.jpg,33 / 3
5,Ji2tbYBiF5,http://api.classhero.com/Ji2tbYBiF5.jpg,41 * 24
5,YWtLLJChSy,http://api.classhero.com/YWtLLJChSy.jpg,11 + 3
5,lx3RjakULE,http://api.classhero.com/lx3RjakULE.jpg,29 / 5
6,nOFdgPycXG,http://api.classhero.com/nOFdgPycXG.jpg,53 + 55
6,IX1f8p92zL,http://api.classhero.com/IX1f8p92zL.jpg,14 * 39
6,O1iFwEbRYf,http://api.classhero.com/O1iFwEbRYf.jpg,55 * 57
7,3Gt9Mbrcyl,http://api.classhero.com/3Gt9Mbrcyl.jpg,57 / 5
7,AnnmW12Hks,http://api.classhero.com/AnnmW12Hks.jpg,18 / 8
7,GhHaqSXOfm,http://api.classhero.com/GhHaqSXOfm.jpg,57 - 10
8,pquREb03wE,http://api.classhero.com/pquREb03wE.jpg,33 + 52
8,vK5rPil87n,http://api.classhero.com/vK5rPil87n.jpg,76 / 5
8,2KoXvYK3k7,http://api.classhero.com/2KoXvYK3k7.jpg,9 - 6
9,RUQPFKaUtU,http://api.classhero.com/RUQPFKaUtU.jpg,67 + 21
9,se748wRDp4,http://api.classhero.com/se748wRDp4.jpg,12 + 42
10,xKUeH2zLOA,http://api.classhero.com/xKUeH2zLOA.jpg,46 + 31
10,Zaq1D1UuO2,http://api.classhero.com/Zaq1D1UuO2.jpg,7 / 3
10,JRdkpODB5Z,http://api.classhero.com/JRdkpODB5Z.jpg,22 + 91
11,zVCvfLXbe6,http://api.classhero.com/zVCvfLXbe6.jpg,92 - 35
11,cqGygQgLXY,http://api.classhero.com/cqGygQgLXY.jpg,49 + 13
12,0u29h36P2G,http://api.classhero.com/0u29h36P2G.jpg,96 * 4
13,wKxQTT9M2C,http://api.classhero.com/wKxQTT9M2C.jpg,56 / 12
13,pXFwi1WdMi,http://api.classhero.com/pXFwi1WdMi.jpg,26 + 111
14,kmnhLQ1rh9,http://api.classhero.com/kmnhLQ1rh9.jpg,127 * 100
14,M0IfbbUPAP,http://api.classhero.com/M0IfbbUPAP.jpg,50 / 41
15,wBZnvg07r9,http://api.classhero.com/wBZnvg07r9.jpg,115 * 35
16,3WPbdNwQew,http://api.classhero.com/3WPbdNwQew.jpg,12 * 96
17,QXfb0l8QmG,http://api.classhero.com/QXfb0l8QmG.jpg,120 * 81
17,cyGy5mzK72,http://api.classhero.com/cyGy5mzK72.jpg,95 / 47
18,RNaZxw6NA0,http://api.classhero.com/RNaZxw6NA0.jpg,73 / 57
19,A9WOoSRBvl,http://api.classhero.com/A9WOoSRBvl.jpg,161 * 101
20,ovzrN2V7Cm,http://api.classhero.com/ovzrN2V7Cm.jpg,71 + 83
21,lFO2V0PfyD,http://api.classhero.com/lFO2V0PfyD.jpg,139 + 198
22,9jFym39nFY,http://api.classhero.com/9jFym39nFY.jpg,14 + 110
23,rMvLQfyLMi,http://api.classhero.com/rMvLQfyLMi.jpg,182 - 112
24,7qFX44wRsx,http://api.classhero.com/7qFX44wRsx.jpg,234 - 112
25,U4HDL2Q0WJ,http://api.classhero.com/U4HDL2Q0WJ.jpg,214 + 247
26,AfNpdiq9Ee,http://api.classhero.com/AfNpdiq9Ee.jpg,212 + 233
28,xP91psVAy5,http://api.classhero.com/xP91psVAy5.jpg,244 + 185
29,JoFNBiLUkO,http://api.classhero.com/JoFNBiLUkO.jpg,47 * 44
30,iCwz8dpQ2q,http://api.classhero.com/iCwz8dpQ2q.jpg,203 / 49
32,6gvDXUCGa5,http://api.classhero.com/6gvDXUCGa5.jpg,121 / 22
33,VbtpjKBmQn,http://api.classhero.com/VbtpjKBmQn.jpg,255 * 315
35,u3ioHw1S2o,http://api.classhero.com/u3ioHw1S2o.jpg,242 / 30
36,sJHLuk4eGp,http://api.classhero.com/sJHLuk4eGp.jpg,158 - 116
38,C829jkMxt6,http://api.classhero.com/C829jkMxt6.jpg,336 + 293
40,utKCGvP4D4,http://api.classhero.com/utKCGvP4D4.jpg,323 - 278
42,XRrUcbppHR,http://api.classhero.com/XRrUcbppHR.jpg,64 - 54
44,bm4oC3B9zN,http://api.classhero.com/bm4oC3B9zN.jpg,5 - 2
46,J6uAhT5DHD,http://api.classhero.com/J6uAhT5DHD.jpg,182 * 336
48,zrhnqVyqGu,http://api.classhero.com/zrhnqVyqGu.jpg,138 / 70
50,zt9UuPUieF,http://api.classhero.com/zt9UuPUieF.jpg,495 * 286
52,KfHmotnRYc,http://api.classhero.com/KfHmotnRYc.jpg,307 + 265
55,QR2jOO2gNa,http://api.classhero.com/QR2jOO2gNa.jpg,354 * 125
58,uDkiFiQPrk,http://api.classhero.com/uDkiFiQPrk.jpg,300 - 146
60,f94fYwvwRD,http://api.classhero.com/f94fYwvwRD.jpg,409 - 181
63,w1HhA92S5N,http://api.classhero.com/w1HhA92S5N.jpg,208 / 250
66,mDMsJYE7rA,http://api.classhero.com/mDMsJYE7rA.jpg,316 / 354
69,8zlSA9KGJg,http://api.classhero.com/8zlSA9KGJg.jpg,610 + 428
72,kQL5G0fJBr,http://api.classhero.com/kQL5G0fJBr.jpg,540 * 484
76,yKqFVi2kp1,http://api.classhero.com/yKqFVi2kp1.jpg,141 + 502
79,qFOEhDo5F8,http://api.classhero.com/qFOEhDo5F8.jpg,548 + 20
83,GibyEDXuKD,http://api.classhero.com/GibyEDXuKD.jpg,150 / 806
87,GGBlQIe0Y1,http://api.classhero.com/GGBlQIe0Y1.jpg,858 - 100
91,qm2hSNjztw,http://api.classhero.com/qm2hSNjztw.jpg,608 + 803
95,lBWRXJBTd8,http://api.classhero.com/lBWRXJBTd8.jpg,911 - 569
100,gyTa7CDaTk,http://api.classhero.com/gyTa7CDaTk.jpg,190 / 470
1,s0FshySQtH,http://api.classhero.com/s0FshySQtH.jpg,3 * 3
1,VEd3zpXyUs,http://api.classhero.com/VEd3zpXyUs.jpg,1 + 5
1,hi0udZfOOH,http://api.classhero.com/hi0udZfOOH.jpg,8 * 3
1,IaceoKkGEx,http://api.classhero.com/IaceoKkGEx.jpg,5 + 4
1,oNS29D4Rck,http://api.classhero.com/oNS29D4Rck.jpg,7 * 4
1,6unHvBzulK,http://api.classhero.com/6unHvBzulK.jpg,7 / 4
1,SL1d4SfPBn,http://api.classhero.com/SL1d4SfPBn.jpg,5 + 9
1,0emZD1cTJB,http://api.classhero.com/0emZD1cTJB.jpg,4 + 3
2,Fab2lUL87c,http://api.classhero.com/Fab2lUL87c.jpg,10 / 4
2,26tNDTQIKX,http://api.classhero.com/26tNDTQIKX.jpg,15 * 4
2,bvJD2Sjjoq,http://api.classhero.com/bvJD2Sjjoq.jpg,13 + 18
2,Dfwj8gIYp2,http://api.classhero.com/Dfwj8gIYp2.jpg,16 / 5
2,qDrTUgswBj,http://api.classhero.com/qDrTUgswBj.jpg,16 / 6
2,yWH9BEU1Mj,http://api.classhero.com/yWH9BEU1Mj.jpg,16 * 9
2,aM0WSl0DoV,http://api.classhero.com/aM0WSl0DoV.jpg,10 * 16
2,lFpU5DCoER,http://api.classhero.com/lFpU5DCoER.jpg,2 * 11
2,lQzP0LFRa2,http://api.classhero.com/lQzP0LFRa2.jpg,4 * 15
2,5OVO9sGhNX,http://api.classhero.com/5OVO9sGhNX.jpg,12 / 5
2,79uQO8CCtQ,http://api.classhero.com/79uQO8CCtQ.jpg,15 / 10
3,uagOpjAGM8,http://api.classhero.com/uagOpjAGM8.jpg,10 + 28
3,88oqvkDiXH,http://api.classhero.com/88oqvkDiXH.jpg,23 - 14
3,sJ6Oqm9n1o,http://api.classhero.com/sJ6Oqm9n1o.jpg,14 / 1
3,0xXXBW97hW,http://api.classhero.com/0xXXBW97hW.jpg,29 - 13
3,SOXHYhdaBE,http://api.classhero.com/SOXHYhdaBE.jpg,9 + 14
3,LaPUxxSt7k,http://api.classhero.com/LaPUxxSt7k.jpg,27 + 28
3,LA62A429JU,http://api.classhero.com/LA62A429JU.jpg,22 + 29
3,YbKYBqyKp4,http://api.classhero.com/YbKYBqyKp4.jpg,24 + 28
4,rsqDuYzWOr,http://api.classhero.com/rsqDuYzWOr.jpg,22 * 6
4,k1vbeea6B0,http://api.classhero.com/k1vbeea6B0.jpg,30 / 27
4,zs48EStdph,http://api.classhero.com/zs48EStdph.jpg,1 + 21
4,0ISlVPqivd,http://api.classhero.com/0ISlVPqivd.jpg,15 + 12
4,W7X62IH55i,http://api.classhero.com/W7X62IH55i.jpg,6 / 4
5,EPnFJ8PVDi,http://api.classhero.com/EPnFJ8PVDi.jpg,34 * 43
5,Wb31kRyxlU,http://api.classhero.com/Wb31kRyxlU.jpg,30 * 38
5,6FdR9jBGFe,http://api.classhero.com/6FdR9jBGFe.jpg,10 + 35
5,k4CeDBLR6t,http://api.classhero.com/k4CeDBLR6t.jpg,42 + 17
5,JisVkZcPPA,http://api.classhero.com/JisVkZcPPA.jpg,26 + 13
6,aLd2B26vAx,http://api.classhero.com/aLd2B26vAx.jpg,18 * 15
6,IgCm10yPBk,http://api.classhero.com/IgCm10yPBk.jpg,15 / 11
6,mhIK8FpdJS,http://api.classhero.com/mhIK8FpdJS.jpg,38 / 11
7,yNMaEImjKN,http://api.classhero.com/yNMaEImjKN.jpg,33 / 5
7,JvVAOovHl2,http://api.classhero.com/JvVAOovHl2.jpg,45 - 42
7,pUGBJEOoRM,http://api.classhero.com/pUGBJEOoRM.jpg,12 - 10
8,fyVOdKqYee,http://api.classhero.com/fyVOdKqYee.jpg,14 * 24
8,ZsXnSg7vtz,http://api.classhero.com/ZsXnSg7vtz.jpg,23 + 46
8,DgkNW5dpuB,http://api.classhero.com/DgkNW5dpuB.jpg,24 + 64
9,mochQY5crp,http://api.classhero.com/mochQY5crp.jpg,69 - 38
9,OUCJHdFbnX,http://api.classhero.com/OUCJHdFbnX.jpg,15 * 60
10,02fVVzdXUo,http://api.classhero.com/02fVVzdXUo.jpg,45 / 11
10,UexByAJWZ2,http://api.classhero.com/UexByAJWZ2.jpg,77 / 64
10,ktKNC3wAr2,http://api.classhero.com/ktKNC3wAr2.jpg,82 - 59
11,MYLotFCORh,http://api.classhero.com/MYLotFCORh.jpg,61 + 24
11,dH9p57Hr1i,http://api.classhero.com/dH9p57Hr1i.jpg,106 + 6
12,Y6jT5Hg054,http://api.classhero.com/Y6jT5Hg054.jpg,114 * 25
13,PD8aog5kqn,http://api.classhero.com/PD8aog5kqn.jpg,105 / 88
13,FccRxgcNJi,http://api.classhero.com/FccRxgcNJi.jpg,34 / 8
14,hq8Esf22Nf,http://api.classhero.com/hq8Esf22Nf.jpg,6 + 31
14,BgosyV7hnG,http://api.classhero.com/BgosyV7hnG.jpg,50 - 24
15,QjLr0EHKak,http://api.classhero.com/QjLr0EHKak.jpg,120 - 96
16,0f083wcDvJ,http://api.classhero.com/0f083wcDvJ.jpg,154 * 59
17,enIV7OkLZS,http://api.classhero.com/enIV7OkLZS.jpg,17 / 13
17,AM1ecrBJQh,http://api.classhero.com/AM1ecrBJQh.jpg,84 / 47
18,Ce2eIS5t5u,http://api.classhero.com/Ce2eIS5t5u.jpg,164 * 102
19,1RttTrQBe2,http://api.classhero.com/1RttTrQBe2.jpg,31 - 16
20,GgzsZpQXAs,http://api.classhero.com/GgzsZpQXAs.jpg,115 * 18
21,IQWmXRF18x,http://api.classhero.com/IQWmXRF18x.jpg,87 - 73
22,s5y1ONYpEH,http://api.classhero.com/s5y1ONYpEH.jpg,66 + 204
23,qzZIMiaYMd,http://api.classhero.com/qzZIMiaYMd.jpg,135 + 3
24,6sqwCblYjV,http://api.classhero.com/6sqwCblYjV.jpg,41 - 7
25,hcMRnr5S6I,http://api.classhero.com/hcMRnr5S6I.jpg,241 + 169
26,vE45gnhxbW,http://api.classhero.com/vE45gnhxbW.jpg,258 + 173
28,fGESGc8KyB,http://api.classhero.com/fGESGc8KyB.jpg,167 - 86
29,oJ2ZJqiBGh,http://api.classhero.com/oJ2ZJqiBGh.jpg,136 + 266
30,9tONEP1mAN,http://api.classhero.com/9tONEP1mAN.jpg,57 - 15
32,XAD56rlPdz,http://api.classhero.com/XAD56rlPdz.jpg,313 * 65
33,ex9vErGyVP,http://api.classhero.com/ex9vErGyVP.jpg,300 / 151
35,lCD5PSlI2A,http://api.classhero.com/lCD5PSlI2A.jpg,311 + 148
36,YIiEK0sWcX,http://api.classhero.com/YIiEK0sWcX.jpg,288 * 205
38,6NeLjz77w8,http://api.classhero.com/6NeLjz77w8.jpg,284 / 79
40,TCOOHCFHtO,http://api.classhero.com/TCOOHCFHtO.jpg,238 - 227
42,H7muei0BjE,http://api.classhero.com/H7muei0BjE.jpg,140 / 22
44,RfuWD6LcEi,http://api.classhero.com/RfuWD6LcEi.jpg,25 - 4
46,nJBNIbRes3,http://api.classhero.com/nJBNIbRes3.jpg,56 * 379
48,9dwVY6qjNa,http://api.classhero.com/9dwVY6qjNa.jpg,186 * 468
50,haJRwBWr9C,http://api.classhero.com/haJRwBWr9C.jpg,81 - 1
52,vbufteZ8fL,http://api.classhero.com/vbufteZ8fL.jpg,237 + 463
55,cI17bw4KGx,http://api.classhero.com/cI17bw4KGx.jpg,75 * 457
58,M9WNsaQ7cd,http://api.classhero.com/M9WNsaQ7cd.jpg,377 / 374
60,GKMQmLbUNK,http://api.classhero.com/GKMQmLbUNK.jpg,323 / 308
63,axdcYDyhfa,http://api.classhero.com/axdcYDyhfa.jpg,56 + 444
66,7cD9l6RNjo,http://api.classhero.com/7cD9l6RNjo.jpg,562 + 102
69,rSTv8ZRkyV,http://api.classhero.com/rSTv8ZRkyV.jpg,47 / 520
72,tOVXMx3cPa,http://api.classhero.com/tOVXMx3cPa.jpg,266 / 640
76,gCsih1r6PA,http://api.classhero.com/gCsih1r6PA.jpg,262 / 270
79,bJWZBhXVhE,http://api.classhero.com/bJWZBhXVhE.jpg,259 - 93
83,0tQSx3jGNq,http://api.classhero.com/0tQSx3jGNq.jpg,151 - 674
87,rjuMH6hyCv,http://api.classhero.com/rjuMH6hyCv.jpg,70 * 800
91,yuXkAO5xgI,http://api.classhero.com/yuXkAO5xgI.jpg,689 + 95
95,7A2U8KaLjz,http://api.classhero.com/7A2U8KaLjz.jpg,687 / 416
100,TOj8Dz92wU,http://api.classhero.com/TOj8Dz92wU.jpg,480 * 107
1,KMU77J0pdB,http://api.classhero.com/KMU77J0pdB.jpg,8 + 4
1,A0Uc05aS1m,http://api.classhero.com/A0Uc05aS1m.jpg,5 + 8
1,nzBjReK4xN,http://api.classhero.com/nzBjReK4xN.jpg,9 * 7
1,RrLYFtpOC3,http://api.classhero.com/RrLYFtpOC3.jpg,4 + 4
1,adAe4b0u0J,http://api.classhero.com/adAe4b0u0J.jpg,8 * 4
1,iQGwaNLpeW,http://api.classhero.com/iQGwaNLpeW.jpg,6 * 5
1,iM5yh4BQVW,http://api.classhero.com/iM5yh4BQVW.jpg,9 * 1
1,ZGuDqz6khQ,http://api.classhero.com/ZGuDqz6khQ.jpg,8 + 5
2,h5yoyTjNSM,http://api.classhero.com/h5yoyTjNSM.jpg,16 + 16
2,sYN92sKdLa,http://api.classhero.com/sYN92sKdLa.jpg,5 + 17
2,H1S0Y3WETf,http://api.classhero.com/H1S0Y3WETf.jpg,7 * 10
2,uhAiPSrOFf,http://api.classhero.com/uhAiPSrOFf.jpg,16 * 13
2,E3E0mUIpns,http://api.classhero.com/E3E0mUIpns.jpg,16 + 18
2,4Qv15Gwx3m,http://api.classhero.com/4Qv15Gwx3m.jpg,18 / 7
2,VkNYYR4dkr,http://api.classhero.com/VkNYYR4dkr.jpg,14 + 8
2,bHAWx3PV70,http://api.classhero.com/bHAWx3PV70.jpg,15 - 8
2,gCMQtgANwp,http://api.classhero.com/gCMQtgANwp.jpg,15 - 10
2,lUKmwB9E0M,http://api.classhero.com/lUKmwB9E0M.jpg,15 + 14
2,hDrMPiBpfY,http://api.classhero.com/hDrMPiBpfY.jpg,14 * 7
3,Cb29SUzTI8,http://api.classhero.com/Cb29SUzTI8.jpg,14 * 22
3,aiUkr5atWx,http://api.classhero.com/aiUkr5atWx.jpg,13 + 14
3,u8gb38qnSc,http://api.classhero.com/u8gb38qnSc.jpg,16 / 15
3,QcPx3r1MId,http://api.classhero.com/QcPx3r1MId.jpg,14 - 1
3,S9cbATk10t,http://api.classhero.com/S9cbATk10t.jpg,20 - 9
3,PD3f87cNcw,http://api.classhero.com/PD3f87cNcw.jpg,17 - 14
3,scGxQQrWco,http://api.classhero.com/scGxQQrWco.jpg,15 - 7
3,HKVllhWZeC,http://api.classhero.com/HKVllhWZeC.jpg,28 / 27
4,EEJF7Gbtyc,http://api.classhero.com/EEJF7Gbtyc.jpg,19 + 27
4,CeWwwLCRqY,http://api.classhero.com/CeWwwLCRqY.jpg,39 + 20
4,DPfyA1KEBi,http://api.classhero.com/DPfyA1KEBi.jpg,36 - 26
4,jIP6HSj6kk,http://api.classhero.com/jIP6HSj6kk.jpg,19 - 7
4,f8uNdlW8ix,http://api.classhero.com/f8uNdlW8ix.jpg,8 / 5
5,dFDQidM0EB,http://api.classhero.com/dFDQidM0EB.jpg,16 * 29
5,zgRfA9jHkD,http://api.classhero.com/zgRfA9jHkD.jpg,48 * 32
5,VQPIncB9Bo,http://api.classhero.com/VQPIncB9Bo.jpg,21 / 12
5,WSAf7D7cJV,http://api.classhero.com/WSAf7D7cJV.jpg,35 * 44
5,H69YE4KrOR,http://api.classhero.com/H69YE4KrOR.jpg,48 + 25
6,bpdia4NukY,http://api.classhero.com/bpdia4NukY.jpg,42 + 56
6,e2d2ylqiCO,http://api.classhero.com/e2d2ylqiCO.jpg,13 - 10
6,p8FJvyoiyj,http://api.classhero.com/p8FJvyoiyj.jpg,59 / 28
7,LtYatfucOc,http://api.classhero.com/LtYatfucOc.jpg,46 / 25
7,XklcmfuT8L,http://api.classhero.com/XklcmfuT8L.jpg,34 * 6
7,CB3nSF7j6e,http://api.classhero.com/CB3nSF7j6e.jpg,68 - 8
8,Rt5rDYwT7E,http://api.classhero.com/Rt5rDYwT7E.jpg,14 + 74
8,jlgeM2WC2j,http://api.classhero.com/jlgeM2WC2j.jpg,6 * 64
8,5Ep6Xp7csw,http://api.classhero.com/5Ep6Xp7csw.jpg,48 * 23
9,416ZY4Y2Wr,http://api.classhero.com/416ZY4Y2Wr.jpg,66 * 41
9,72xqzIcdjV,http://api.classhero.com/72xqzIcdjV.jpg,41 / 19
10,Sy2Np7HJLQ,http://api.classhero.com/Sy2Np7HJLQ.jpg,15 * 2
10,8cVVfnUS9a,http://api.classhero.com/8cVVfnUS9a.jpg,87 - 26
10,RYw3AJcL38,http://api.classhero.com/RYw3AJcL38.jpg,24 / 21
11,UZqnEvTX4j,http://api.classhero.com/UZqnEvTX4j.jpg,77 + 89
11,9pgTcHuDbM,http://api.classhero.com/9pgTcHuDbM.jpg,48 * 16
12,ifHB3RI9oV,http://api.classhero.com/ifHB3RI9oV.jpg,115 - 80
13,FjR2NrtJ17,http://api.classhero.com/FjR2NrtJ17.jpg,21 / 4
13,a4brHfJcMQ,http://api.classhero.com/a4brHfJcMQ.jpg,52 + 63
14,xv2MrD50Wt,http://api.classhero.com/xv2MrD50Wt.jpg,31 - 22
14,BtP4gTd51o,http://api.classhero.com/BtP4gTd51o.jpg,124 + 113
15,2e4J3aJtUf,http://api.classhero.com/2e4J3aJtUf.jpg,43 + 115
16,py2vFWB2jC,http://api.classhero.com/py2vFWB2jC.jpg,110 * 12
17,MYCoG2dUon,http://api.classhero.com/MYCoG2dUon.jpg,83 + 137
17,oQEedJYDri,http://api.classhero.com/oQEedJYDri.jpg,91 * 149
18,1p9x9Aa3jH,http://api.classhero.com/1p9x9Aa3jH.jpg,10 + 118
19,xwScWwVxnz,http://api.classhero.com/xwScWwVxnz.jpg,57 / 12
20,RPlhePSuGi,http://api.classhero.com/RPlhePSuGi.jpg,123 - 107
21,wYHgLO6JX6,http://api.classhero.com/wYHgLO6JX6.jpg,195 + 168
22,O7NVzd7UlV,http://api.classhero.com/O7NVzd7UlV.jpg,156 * 141
23,Wg4x183RbS,http://api.classhero.com/Wg4x183RbS.jpg,90 + 172
24,vWVcBPANDj,http://api.classhero.com/vWVcBPANDj.jpg,122 + 19
25,o8uhEJHs7v,http://api.classhero.com/o8uhEJHs7v.jpg,32 * 58
26,6KgR49hvhN,http://api.classhero.com/6KgR49hvhN.jpg,170 + 4
28,kWaMqrSA9M,http://api.classhero.com/kWaMqrSA9M.jpg,70 * 271
29,wwmHscrBwB,http://api.classhero.com/wwmHscrBwB.jpg,3 - 1
30,avLab8Pzhm,http://api.classhero.com/avLab8Pzhm.jpg,54 * 143
32,bXPHJ3tkKZ,http://api.classhero.com/bXPHJ3tkKZ.jpg,277 - 33
33,5gqZpT8Xhh,http://api.classhero.com/5gqZpT8Xhh.jpg,228 / 117
35,pKOGgvc8hv,http://api.classhero.com/pKOGgvc8hv.jpg,206 * 55
36,5lPK8fCKJ5,http://api.classhero.com/5lPK8fCKJ5.jpg,216 / 118
38,0dmn0zk59Q,http://api.classhero.com/0dmn0zk59Q.jpg,72 - 34
40,qEYNx1S3H1,http://api.classhero.com/qEYNx1S3H1.jpg,247 / 222
42,NIWQnZRkVi,http://api.classhero.com/NIWQnZRkVi.jpg,4 - 1
44,dNS8ta88go,http://api.classhero.com/dNS8ta88go.jpg,320 / 46
46,YgRWv9pSAQ,http://api.classhero.com/YgRWv9pSAQ.jpg,394 - 285
48,6RTfPdkSzg,http://api.classhero.com/6RTfPdkSzg.jpg,318 - 52
50,1DyZRL5ce6,http://api.classhero.com/1DyZRL5ce6.jpg,393 * 199
52,CYYKE0HXbk,http://api.classhero.com/CYYKE0HXbk.jpg,58 - 1
55,JHKGH2yZOn,http://api.classhero.com/JHKGH2yZOn.jpg,193 / 133
58,mcAmWpH5gC,http://api.classhero.com/mcAmWpH5gC.jpg,441 / 280
60,YtA0kVtAHK,http://api.classhero.com/YtA0kVtAHK.jpg,194 - 198
63,2lRr7Daqvx,http://api.classhero.com/2lRr7Daqvx.jpg,573 - 104
66,EcPAHn868q,http://api.classhero.com/EcPAHn868q.jpg,526 - 83
69,B6gLPKfxIn,http://api.classhero.com/B6gLPKfxIn.jpg,296 * 420
72,mIoRyUUu7W,http://api.classhero.com/mIoRyUUu7W.jpg,315 + 654
76,KtrZXMUtOJ,http://api.classhero.com/KtrZXMUtOJ.jpg,743 / 65
79,ArV1mLoFbX,http://api.classhero.com/ArV1mLoFbX.jpg,647 * 702
83,JVkrXcibkm,http://api.classhero.com/JVkrXcibkm.jpg,240 / 761
87,NyCZ3da2Rf,http://api.classhero.com/NyCZ3da2Rf.jpg,146 / 234
91,hA15R0fDaY,http://api.classhero.com/hA15R0fDaY.jpg,555 / 161
95,Y1D3lAfZGw,http://api.classhero.com/Y1D3lAfZGw.jpg,291 * 438
100,JQZGu8DjgE,http://api.classhero.com/JQZGu8DjgE.jpg,474 - 372
1,rmhiRq3cBL,http://api.classhero.com/rmhiRq3cBL.jpg,3 + 6
1,Y7cCqCDZH5,http://api.classhero.com/Y7cCqCDZH5.jpg,6 + 9
1,eReR75BsCG,http://api.classhero.com/eReR75BsCG.jpg,9 / 7
1,R7AGdH67Vz,http://api.classhero.com/R7AGdH67Vz.jpg,4 * 5
1,ZTVPLJdEgO,http://api.classhero.com/ZTVPLJdEgO.jpg,9 + 5
1,c0s0yZ7JA0,http://api.classhero.com/c0s0yZ7JA0.jpg,4 * 3
1,ydhtLNtxGT,http://api.classhero.com/ydhtLNtxGT.jpg,4 + 6
1,jQ3Zibkp3i,http://api.classhero.com/jQ3Zibkp3i.jpg,5 * 7
2,iEwMe2Ed5R,http://api.classhero.com/iEwMe2Ed5R.jpg,19 + 6
3,tbYGpz63El,http://api.classhero.com/tbYGpz63El.jpg,13 - 11
3,XtFjRUojvc,http://api.classhero.com/XtFjRUojvc.jpg,22 + 4
3,QLn8WrzEvX,http://api.classhero.com/QLn8WrzEvX.jpg,15 + 11
3,8Q5iLkIt6E,http://api.classhero.com/8Q5iLkIt6E.jpg,27 * 10
3,0Z1339y8tR,http://api.classhero.com/0Z1339y8tR.jpg,12 / 8
3,dyND24NgPl,http://api.classhero.com/dyND24NgPl.jpg,16 - 12
3,b5mlXgzbfU,http://api.classhero.com/b5mlXgzbfU.jpg,1 + 29
3,PfCLLfFBeb,http://api.classhero.com/PfCLLfFBeb.jpg,24 * 26
3,JeUmK5xYSY,http://api.classhero.com/JeUmK5xYSY.jpg,11 * 2
3,SiRRcnFgVt,http://api.classhero.com/SiRRcnFgVt.jpg,1 * 15
3,ghOTbikWtL,http://api.classhero.com/ghOTbikWtL.jpg,19 + 25
3,X9QnRA6XPL,http://api.classhero.com/X9QnRA6XPL.jpg,10 + 24
3,aJfvYoYy9m,http://api.classhero.com/aJfvYoYy9m.jpg,29 + 27
3,mlaAKXRvt0,http://api.classhero.com/mlaAKXRvt0.jpg,18 * 5
3,Wz0T6lTgpv,http://api.classhero.com/Wz0T6lTgpv.jpg,28 - 18
3,rnahDpuOx0,http://api.classhero.com/rnahDpuOx0.jpg,2 * 2
3,ds80S6N1Om,http://api.classhero.com/ds80S6N1Om.jpg,24 - 17
3,ZxmwOeM44l,http://api.classhero.com/ZxmwOeM44l.jpg,19 * 3
4,gyuffFSwef,http://api.classhero.com/gyuffFSwef.jpg,20 * 38
4,E88Ti30510,http://api.classhero.com/E88Ti30510.jpg,9 / 5
4,cAvGPOu5mi,http://api.classhero.com/cAvGPOu5mi.jpg,21 * 15
4,cLVXrGwgQN,http://api.classhero.com/cLVXrGwgQN.jpg,37 / 28
4,dIcoznUOvE,http://api.classhero.com/dIcoznUOvE.jpg,18 * 8
5,CiDOK6o0gV,http://api.classhero.com/CiDOK6o0gV.jpg,20 * 26
5,3oPHj9r10E,http://api.classhero.com/3oPHj9r10E.jpg,41 + 36
5,cJ8MIvfswr,http://api.classhero.com/cJ8MIvfswr.jpg,8 + 14
5,Bt99Kl7hLa,http://api.classhero.com/Bt99Kl7hLa.jpg,34 - 25
5,TYh6yAdsuD,http://api.classhero.com/TYh6yAdsuD.jpg,22 + 38
6,fUKcOZnOIB,http://api.classhero.com/fUKcOZnOIB.jpg,15 / 6
6,BNoN7gqUq0,http://api.classhero.com/BNoN7gqUq0.jpg,10 / 7
6,37ZjwWEfW4,http://api.classhero.com/37ZjwWEfW4.jpg,59 * 37
7,lwQoamMIu9,http://api.classhero.com/lwQoamMIu9.jpg,48 - 46
7,sIFI5xBnaD,http://api.classhero.com/sIFI5xBnaD.jpg,69 * 55
7,wB5wrNVQCC,http://api.classhero.com/wB5wrNVQCC.jpg,6 * 60
8,d1IzC2MmY4,http://api.classhero.com/d1IzC2MmY4.jpg,48 * 49
8,9d6cZC74ls,http://api.classhero.com/9d6cZC74ls.jpg,39 * 18
8,NdGLV2VTPW,http://api.classhero.com/NdGLV2VTPW.jpg,48 - 37
9,y5gPVMa79A,http://api.classhero.com/y5gPVMa79A.jpg,48 - 2
9,Jv1YoTfoqt,http://api.classhero.com/Jv1YoTfoqt.jpg,42 + 8
10,BFAVnPdWei,http://api.classhero.com/BFAVnPdWei.jpg,56 * 81
10,Df3w9RUGww,http://api.classhero.com/Df3w9RUGww.jpg,74 + 26
10,gYl2eH4SB7,http://api.classhero.com/gYl2eH4SB7.jpg,66 / 61
11,StrNeRZRmJ,http://api.classhero.com/StrNeRZRmJ.jpg,65 - 39
11,rZ1qvegxna,http://api.classhero.com/rZ1qvegxna.jpg,10 + 19
12,hCetPKVJyJ,http://api.classhero.com/hCetPKVJyJ.jpg,2 - 1
13,O1QOBn1EG6,http://api.classhero.com/O1QOBn1EG6.jpg,128 / 60
13,Ca5idqdXXL,http://api.classhero.com/Ca5idqdXXL.jpg,66 - 52
14,zS4bGOxm48,http://api.classhero.com/zS4bGOxm48.jpg,111 * 113
14,5KRJL4vwQh,http://api.classhero.com/5KRJL4vwQh.jpg,86 + 98
15,nduRgABmfC,http://api.classhero.com/nduRgABmfC.jpg,104 + 135
16,BmbebDT7WM,http://api.classhero.com/BmbebDT7WM.jpg,74 * 63
17,dyMblVSryN,http://api.classhero.com/dyMblVSryN.jpg,109 - 44
17,cQF4hO7bq8,http://api.classhero.com/cQF4hO7bq8.jpg,6 / 5
18,zs6sYyqSck,http://api.classhero.com/zs6sYyqSck.jpg,92 * 79
19,mXHCi5uVAY,http://api.classhero.com/mXHCi5uVAY.jpg,142 - 77
20,M84VIgend4,http://api.classhero.com/M84VIgend4.jpg,172 - 16
21,51Hrhy4319,http://api.classhero.com/51Hrhy4319.jpg,82 + 114
22,4sCLnCMWux,http://api.classhero.com/4sCLnCMWux.jpg,88 * 44
23,p9DpbVCesX,http://api.classhero.com/p9DpbVCesX.jpg,41 * 196
24,FMOFmsdSKh,http://api.classhero.com/FMOFmsdSKh.jpg,17 * 199
25,wAVulck7WY,http://api.classhero.com/wAVulck7WY.jpg,21 - 3
26,6lqB5GRkYA,http://api.classhero.com/6lqB5GRkYA.jpg,12 * 125
28,xw7px7nPT1,http://api.classhero.com/xw7px7nPT1.jpg,225 * 207
29,WyFBX2vxYY,http://api.classhero.com/WyFBX2vxYY.jpg,157 - 127
30,1Btk6tEvGH,http://api.classhero.com/1Btk6tEvGH.jpg,148 / 129
32,hyjlajbmK0,http://api.classhero.com/hyjlajbmK0.jpg,117 + 25
33,KvSUBnYPsV,http://api.classhero.com/KvSUBnYPsV.jpg,183 - 88
35,z9vrtofVqV,http://api.classhero.com/z9vrtofVqV.jpg,180 - 27
36,1yeOsyDnkE,http://api.classhero.com/1yeOsyDnkE.jpg,111 / 42
38,dvQK0NKVR1,http://api.classhero.com/dvQK0NKVR1.jpg,145 + 332
40,4YpyLj0qwH,http://api.classhero.com/4YpyLj0qwH.jpg,124 - 11
42,WgvcwlIKFu,http://api.classhero.com/WgvcwlIKFu.jpg,23 / 22
44,WNQx9YDlYC,http://api.classhero.com/WNQx9YDlYC.jpg,342 + 161
46,355e2Y34JJ,http://api.classhero.com/355e2Y34JJ.jpg,192 - 116
48,Gt92lk2WlB,http://api.classhero.com/Gt92lk2WlB.jpg,74 + 231
50,pBkuq219I2,http://api.classhero.com/pBkuq219I2.jpg,304 * 17
52,buWYEFRxtH,http://api.classhero.com/buWYEFRxtH.jpg,194 + 145
55,MAnfRCNY5q,http://api.classhero.com/MAnfRCNY5q.jpg,353 * 469
58,ihsPN3fXRR,http://api.classhero.com/ihsPN3fXRR.jpg,408 / 322
60,4KDvFZgjHT,http://api.classhero.com/4KDvFZgjHT.jpg,280 - 14
63,mKUL13oEVp,http://api.classhero.com/mKUL13oEVp.jpg,445 + 523
66,wKS2xTRsRt,http://api.classhero.com/wKS2xTRsRt.jpg,61 + 606
69,0UvryG5GhO,http://api.classhero.com/0UvryG5GhO.jpg,683 * 645
72,VtLeNj2siZ,http://api.classhero.com/VtLeNj2siZ.jpg,56 - 44
76,s9rH9338Qw,http://api.classhero.com/s9rH9338Qw.jpg,562 * 55
79,b0MosR3KgU,http://api.classhero.com/b0MosR3KgU.jpg,98 + 170
83,Kc4MFaTAxD,http://api.classhero.com/Kc4MFaTAxD.jpg,798 + 147
87,sSxF4z7sQ2,http://api.classhero.com/sSxF4z7sQ2.jpg,764 - 114
91,lhKR172W9j,http://api.classhero.com/lhKR172W9j.jpg,756 - 316
95,GfwXg4EEft,http://api.classhero.com/GfwXg4EEft.jpg,855 - 843
100,4CArsq0KPq,http://api.classhero.com/4CArsq0KPq.jpg,597 + 245